INFO - 2024-12-20 06:18:09 --> Session: Class initialized using 'CodeIgniter\Session\Handlers\FileHandler' driver.
INFO - 2024-12-20 06:31:21 --> Session: Class initialized using 'CodeIgniter\Session\Handlers\FileHandler' driver.
INFO - 2024-12-20 06:32:05 --> Session: Class initialized using 'CodeIgniter\Session\Handlers\FileHandler' driver.
CRITICAL - 2024-12-20 06:33:06 --> Invalid file: "blog/index.php"
in SYSTEMPATH\Exceptions\FrameworkException.php on line 33.
 1 SYSTEMPATH\View\View.php(201): CodeIgniter\Exceptions\FrameworkException::forInvalidFile('blog/index.php')
 2 SYSTEMPATH\Common.php(1184): CodeIgniter\View\View->render('blog/index', [], true)
 3 APPPATH\Controllers\BlogController.php(19): view('blog/index', [...])
 4 SYSTEMPATH\CodeIgniter.php(934): App\Controllers\BlogController->index()
 5 SYSTEMPATH\CodeIgniter.php(499): CodeIgniter\CodeIgniter->runController(Object(App\Controllers\BlogController))
 6 SYSTEMPATH\CodeIgniter.php(368): CodeIgniter\CodeIgniter->handleRequest(null, Object(Config\Cache), false)
 7 FCPATH\index.php(67): CodeIgniter\CodeIgniter->run()
 8 SYSTEMPATH\Commands\Server\rewrite.php(47): require_once('D:\\xampp\\htdocs\\sims4\\WEBSIMS\\public\\index.php')
CRITICAL - 2024-12-20 06:33:34 --> Invalid file: "blog/index.php"
in SYSTEMPATH\Exceptions\FrameworkException.php on line 33.
 1 SYSTEMPATH\View\View.php(201): CodeIgniter\Exceptions\FrameworkException::forInvalidFile('blog/index.php')
 2 SYSTEMPATH\Common.php(1184): CodeIgniter\View\View->render('blog/index', [], true)
 3 APPPATH\Controllers\BlogController.php(19): view('blog/index', [...])
 4 SYSTEMPATH\CodeIgniter.php(934): App\Controllers\BlogController->index()
 5 SYSTEMPATH\CodeIgniter.php(499): CodeIgniter\CodeIgniter->runController(Object(App\Controllers\BlogController))
 6 SYSTEMPATH\CodeIgniter.php(368): CodeIgniter\CodeIgniter->handleRequest(null, Object(Config\Cache), false)
 7 FCPATH\index.php(67): CodeIgniter\CodeIgniter->run()
 8 SYSTEMPATH\Commands\Server\rewrite.php(47): require_once('D:\\xampp\\htdocs\\sims4\\WEBSIMS\\public\\index.php')
INFO - 2024-12-20 06:35:51 --> Session: Class initialized using 'CodeIgniter\Session\Handlers\FileHandler' driver.
INFO - 2024-12-20 06:36:51 --> Session: Class initialized using 'CodeIgniter\Session\Handlers\FileHandler' driver.
INFO - 2024-12-20 06:41:03 --> Session: Class initialized using 'CodeIgniter\Session\Handlers\FileHandler' driver.
INFO - 2024-12-20 06:41:07 --> Session: Class initialized using 'CodeIgniter\Session\Handlers\FileHandler' driver.
INFO - 2024-12-20 06:43:26 --> Session: Class initialized using 'CodeIgniter\Session\Handlers\FileHandler' driver.
INFO - 2024-12-20 06:43:31 --> Session: Class initialized using 'CodeIgniter\Session\Handlers\FileHandler' driver.
INFO - 2024-12-20 06:43:38 --> Session: Class initialized using 'CodeIgniter\Session\Handlers\FileHandler' driver.
INFO - 2024-12-20 06:43:43 --> Session: Class initialized using 'CodeIgniter\Session\Handlers\FileHandler' driver.
INFO - 2024-12-20 06:43:49 --> Session: Class initialized using 'CodeIgniter\Session\Handlers\FileHandler' driver.
INFO - 2024-12-20 06:43:51 --> Session: Class initialized using 'CodeIgniter\Session\Handlers\FileHandler' driver.
INFO - 2024-12-20 06:43:56 --> Session: Class initialized using 'CodeIgniter\Session\Handlers\FileHandler' driver.
INFO - 2024-12-20 06:44:06 --> Session: Class initialized using 'CodeIgniter\Session\Handlers\FileHandler' driver.
INFO - 2024-12-20 06:44:26 --> Session: Class initialized using 'CodeIgniter\Session\Handlers\FileHandler' driver.
INFO - 2024-12-20 06:44:26 --> Session: Class initialized using 'CodeIgniter\Session\Handlers\FileHandler' driver.
WARNING - 2024-12-20 06:44:27 --> [DEPRECATED] explode(): Passing null to parameter #2 ($string) of type string is deprecated in APPPATH\Views\layout\frontend_template.php on line 188.
 1 APPPATH\Views\layout\frontend_template.php(188): explode(' ', null)
 2 SYSTEMPATH\View\View.php(213): include('D:\\xampp\\htdocs\\sims4\\WEBSIMS\\app\\Views\\layout\\frontend_template.php')
 3 SYSTEMPATH\View\View.php(216): CodeIgniter\View\View->CodeIgniter\View\{closure}()
 4 SYSTEMPATH\View\View.php(229): CodeIgniter\View\View->render('layout/frontend_template', [], true)
 5 SYSTEMPATH\Common.php(1184): CodeIgniter\View\View->render('pendaftaran_anggota', [], true)
 6 APPPATH\Controllers\PendaftaranAnggota.php(32): view('pendaftaran_anggota', [...])
 7 SYSTEMPATH\CodeIgniter.php(934): App\Controllers\PendaftaranAnggota->index()
 8 SYSTEMPATH\CodeIgniter.php(499): CodeIgniter\CodeIgniter->runController(Object(App\Controllers\PendaftaranAnggota))
 9 SYSTEMPATH\CodeIgniter.php(368): CodeIgniter\CodeIgniter->handleRequest(null, Object(Config\Cache), false)
10 FCPATH\index.php(67): CodeIgniter\CodeIgniter->run()
11 SYSTEMPATH\Commands\Server\rewrite.php(47): require_once('D:\\xampp\\htdocs\\sims4\\WEBSIMS\\public\\index.php')
INFO - 2024-12-20 06:44:49 --> Session: Class initialized using 'CodeIgniter\Session\Handlers\FileHandler' driver.
INFO - 2024-12-20 06:44:50 --> Session: Class initialized using 'CodeIgniter\Session\Handlers\FileHandler' driver.
INFO - 2024-12-20 06:45:04 --> Session: Class initialized using 'CodeIgniter\Session\Handlers\FileHandler' driver.
INFO - 2024-12-20 06:45:04 --> Session: Class initialized using 'CodeIgniter\Session\Handlers\FileHandler' driver.
INFO - 2024-12-20 06:45:48 --> Session: Class initialized using 'CodeIgniter\Session\Handlers\FileHandler' driver.
INFO - 2024-12-20 06:46:07 --> Session: Class initialized using 'CodeIgniter\Session\Handlers\FileHandler' driver.
CRITICAL - 2024-12-20 08:15:22 --> Undefined array key "date"
in APPPATH\Views\frontend_blog.php on line 212.
 1 APPPATH\Views\frontend_blog.php(212): CodeIgniter\Debug\Exceptions->errorHandler(2, 'Undefined array key "date"', 'D:\\xampp\\htdocs\\sims4\\WEBSIMS\\app\\Views\\frontend_blog.php', 212)
 2 SYSTEMPATH\View\View.php(213): include('D:\\xampp\\htdocs\\sims4\\WEBSIMS\\app\\Views\\frontend_blog.php')
 3 SYSTEMPATH\View\View.php(216): CodeIgniter\View\View->CodeIgniter\View\{closure}()
 4 SYSTEMPATH\Common.php(1184): CodeIgniter\View\View->render('frontend_blog', [], true)
 5 APPPATH\Controllers\BlogController.php(18): view('frontend_blog', [...])
 6 SYSTEMPATH\CodeIgniter.php(934): App\Controllers\BlogController->index()
 7 SYSTEMPATH\CodeIgniter.php(499): CodeIgniter\CodeIgniter->runController(Object(App\Controllers\BlogController))
 8 SYSTEMPATH\CodeIgniter.php(368): CodeIgniter\CodeIgniter->handleRequest(null, Object(Config\Cache), false)
 9 FCPATH\index.php(67): CodeIgniter\CodeIgniter->run()
10 SYSTEMPATH\Commands\Server\rewrite.php(47): require_once('D:\\xampp\\htdocs\\sims4\\WEBSIMS\\public\\index.php')
INFO - 2024-12-20 08:17:06 --> Session: Class initialized using 'CodeIgniter\Session\Handlers\FileHandler' driver.
INFO - 2024-12-20 08:17:13 --> Session: Class initialized using 'CodeIgniter\Session\Handlers\FileHandler' driver.
INFO - 2024-12-20 08:17:16 --> Session: Class initialized using 'CodeIgniter\Session\Handlers\FileHandler' driver.
INFO - 2024-12-20 08:17:50 --> Session: Class initialized using 'CodeIgniter\Session\Handlers\FileHandler' driver.
INFO - 2024-12-20 08:18:01 --> Session: Class initialized using 'CodeIgniter\Session\Handlers\FileHandler' driver.
INFO - 2024-12-20 08:19:06 --> Session: Class initialized using 'CodeIgniter\Session\Handlers\FileHandler' driver.
INFO - 2024-12-20 08:22:16 --> Session: Class initialized using 'CodeIgniter\Session\Handlers\FileHandler' driver.
INFO - 2024-12-20 08:22:48 --> Session: Class initialized using 'CodeIgniter\Session\Handlers\FileHandler' driver.
INFO - 2024-12-20 08:23:47 --> Session: Class initialized using 'CodeIgniter\Session\Handlers\FileHandler' driver.
INFO - 2024-12-20 08:24:06 --> Session: Class initialized using 'CodeIgniter\Session\Handlers\FileHandler' driver.
INFO - 2024-12-20 08:25:54 --> Session: Class initialized using 'CodeIgniter\Session\Handlers\FileHandler' driver.
INFO - 2024-12-20 08:26:25 --> Session: Class initialized using 'CodeIgniter\Session\Handlers\FileHandler' driver.
INFO - 2024-12-20 08:27:00 --> Session: Class initialized using 'CodeIgniter\Session\Handlers\FileHandler' driver.
INFO - 2024-12-20 08:27:15 --> Session: Class initialized using 'CodeIgniter\Session\Handlers\FileHandler' driver.
INFO - 2024-12-20 08:28:58 --> Session: Class initialized using 'CodeIgniter\Session\Handlers\FileHandler' driver.
INFO - 2024-12-20 08:29:31 --> Session: Class initialized using 'CodeIgniter\Session\Handlers\FileHandler' driver.
INFO - 2024-12-20 08:30:51 --> Session: Class initialized using 'CodeIgniter\Session\Handlers\FileHandler' driver.
INFO - 2024-12-20 08:31:07 --> Session: Class initialized using 'CodeIgniter\Session\Handlers\FileHandler' driver.
INFO - 2024-12-20 08:31:22 --> Session: Class initialized using 'CodeIgniter\Session\Handlers\FileHandler' driver.
INFO - 2024-12-20 08:31:36 --> Session: Class initialized using 'CodeIgniter\Session\Handlers\FileHandler' driver.
INFO - 2024-12-20 08:31:42 --> Session: Class initialized using 'CodeIgniter\Session\Handlers\FileHandler' driver.
INFO - 2024-12-20 09:18:35 --> Session: Class initialized using 'CodeIgniter\Session\Handlers\FileHandler' driver.
INFO - 2024-12-20 09:18:49 --> Session: Class initialized using 'CodeIgniter\Session\Handlers\FileHandler' driver.
INFO - 2024-12-20 09:18:53 --> Session: Class initialized using 'CodeIgniter\Session\Handlers\FileHandler' driver.
INFO - 2024-12-20 09:18:58 --> Session: Class initialized using 'CodeIgniter\Session\Handlers\FileHandler' driver.
INFO - 2024-12-20 09:19:12 --> Session: Class initialized using 'CodeIgniter\Session\Handlers\FileHandler' driver.
INFO - 2024-12-20 09:31:37 --> Session: Class initialized using 'CodeIgniter\Session\Handlers\FileHandler' driver.
INFO - 2024-12-20 09:31:46 --> Session: Class initialized using 'CodeIgniter\Session\Handlers\FileHandler' driver.
INFO - 2024-12-20 09:35:46 --> Session: Class initialized using 'CodeIgniter\Session\Handlers\FileHandler' driver.
INFO - 2024-12-20 09:35:58 --> Session: Class initialized using 'CodeIgniter\Session\Handlers\FileHandler' driver.
INFO - 2024-12-20 09:36:04 --> Session: Class initialized using 'CodeIgniter\Session\Handlers\FileHandler' driver.
INFO - 2024-12-20 09:36:22 --> Session: Class initialized using 'CodeIgniter\Session\Handlers\FileHandler' driver.
INFO - 2024-12-20 09:38:49 --> Session: Class initialized using 'CodeIgniter\Session\Handlers\FileHandler' driver.
INFO - 2024-12-20 09:38:54 --> Session: Class initialized using 'CodeIgniter\Session\Handlers\FileHandler' driver.
INFO - 2024-12-20 09:39:09 --> Session: Class initialized using 'CodeIgniter\Session\Handlers\FileHandler' driver.
INFO - 2024-12-20 10:45:24 --> Session: Class initialized using 'CodeIgniter\Session\Handlers\FileHandler' driver.
INFO - 2024-12-20 10:45:29 --> Session: Class initialized using 'CodeIgniter\Session\Handlers\FileHandler' driver.
INFO - 2024-12-20 10:45:45 --> Session: Class initialized using 'CodeIgniter\Session\Handlers\FileHandler' driver.
INFO - 2024-12-20 10:45:50 --> Session: Class initialized using 'CodeIgniter\Session\Handlers\FileHandler' driver.
WARNING - 2024-12-20 10:45:51 --> [DEPRECATED] number_format(): Passing null to parameter #1 ($num) of type float is deprecated in APPPATH\Views\pendaftaran_anggota.php on line 58.
 1 APPPATH\Views\pendaftaran_anggota.php(58): number_format(null, 0, ',', '.')
 2 SYSTEMPATH\View\View.php(213): include('D:\\xampp\\htdocs\\sims4\\WEBSIMS\\app\\Views\\pendaftaran_anggota.php')
 3 SYSTEMPATH\View\View.php(216): CodeIgniter\View\View->CodeIgniter\View\{closure}()
 4 SYSTEMPATH\Common.php(1184): CodeIgniter\View\View->render('pendaftaran_anggota', [], true)
 5 APPPATH\Controllers\PendaftaranAnggota.php(33): view('pendaftaran_anggota', [...])
 6 SYSTEMPATH\CodeIgniter.php(934): App\Controllers\PendaftaranAnggota->index()
 7 SYSTEMPATH\CodeIgniter.php(499): CodeIgniter\CodeIgniter->runController(Object(App\Controllers\PendaftaranAnggota))
 8 SYSTEMPATH\CodeIgniter.php(368): CodeIgniter\CodeIgniter->handleRequest(null, Object(Config\Cache), false)
 9 FCPATH\index.php(67): CodeIgniter\CodeIgniter->run()
10 SYSTEMPATH\Commands\Server\rewrite.php(47): require_once('D:\\xampp\\htdocs\\sims4\\WEBSIMS\\public\\index.php')
INFO - 2024-12-20 10:45:59 --> Session: Class initialized using 'CodeIgniter\Session\Handlers\FileHandler' driver.
INFO - 2024-12-20 10:46:01 --> Session: Class initialized using 'CodeIgniter\Session\Handlers\FileHandler' driver.
WARNING - 2024-12-20 10:46:01 --> [DEPRECATED] number_format(): Passing null to parameter #1 ($num) of type float is deprecated in APPPATH\Views\pendaftaran_anggota.php on line 58.
 1 APPPATH\Views\pendaftaran_anggota.php(58): number_format(null, 0, ',', '.')
 2 SYSTEMPATH\View\View.php(213): include('D:\\xampp\\htdocs\\sims4\\WEBSIMS\\app\\Views\\pendaftaran_anggota.php')
 3 SYSTEMPATH\View\View.php(216): CodeIgniter\View\View->CodeIgniter\View\{closure}()
 4 SYSTEMPATH\Common.php(1184): CodeIgniter\View\View->render('pendaftaran_anggota', [], true)
 5 APPPATH\Controllers\PendaftaranAnggota.php(33): view('pendaftaran_anggota', [...])
 6 SYSTEMPATH\CodeIgniter.php(934): App\Controllers\PendaftaranAnggota->index()
 7 SYSTEMPATH\CodeIgniter.php(499): CodeIgniter\CodeIgniter->runController(Object(App\Controllers\PendaftaranAnggota))
 8 SYSTEMPATH\CodeIgniter.php(368): CodeIgniter\CodeIgniter->handleRequest(null, Object(Config\Cache), false)
 9 FCPATH\index.php(67): CodeIgniter\CodeIgniter->run()
10 SYSTEMPATH\Commands\Server\rewrite.php(47): require_once('D:\\xampp\\htdocs\\sims4\\WEBSIMS\\public\\index.php')
INFO - 2024-12-20 10:46:05 --> Session: Class initialized using 'CodeIgniter\Session\Handlers\FileHandler' driver.
INFO - 2024-12-20 10:46:53 --> Session: Class initialized using 'CodeIgniter\Session\Handlers\FileHandler' driver.
INFO - 2024-12-20 10:48:10 --> Session: Class initialized using 'CodeIgniter\Session\Handlers\FileHandler' driver.
INFO - 2024-12-20 10:48:15 --> Session: Class initialized using 'CodeIgniter\Session\Handlers\FileHandler' driver.
INFO - 2024-12-20 10:48:15 --> Session: Class initialized using 'CodeIgniter\Session\Handlers\FileHandler' driver.
INFO - 2024-12-20 10:48:15 --> Session: Class initialized using 'CodeIgniter\Session\Handlers\FileHandler' driver.
INFO - 2024-12-20 10:48:45 --> Payment Method: dana
INFO - 2024-12-20 10:48:45 --> Session: Class initialized using 'CodeIgniter\Session\Handlers\FileHandler' driver.
INFO - 2024-12-20 10:48:46 --> Session: Class initialized using 'CodeIgniter\Session\Handlers\FileHandler' driver.
INFO - 2024-12-20 10:48:55 --> Session: Class initialized using 'CodeIgniter\Session\Handlers\FileHandler' driver.
INFO - 2024-12-20 10:48:56 --> Session: Class initialized using 'CodeIgniter\Session\Handlers\FileHandler' driver.
INFO - 2024-12-20 10:48:59 --> Session: Class initialized using 'CodeIgniter\Session\Handlers\FileHandler' driver.
WARNING - 2024-12-20 10:48:59 --> [DEPRECATED] strtotime(): Passing null to parameter #1 ($datetime) of type string is deprecated in APPPATH\Views\riwayat_pembelian.php on line 92.
 1 APPPATH\Views\riwayat_pembelian.php(92): strtotime(null)
 2 SYSTEMPATH\View\View.php(213): include('D:\\xampp\\htdocs\\sims4\\WEBSIMS\\app\\Views\\riwayat_pembelian.php')
 3 SYSTEMPATH\View\View.php(216): CodeIgniter\View\View->CodeIgniter\View\{closure}()
 4 SYSTEMPATH\Common.php(1184): CodeIgniter\View\View->render('riwayat_pembelian', [], true)
 5 APPPATH\Controllers\PendaftaranAnggota.php(189): view('riwayat_pembelian', [...])
 6 SYSTEMPATH\CodeIgniter.php(934): App\Controllers\PendaftaranAnggota->riwayatPembelian()
 7 SYSTEMPATH\CodeIgniter.php(499): CodeIgniter\CodeIgniter->runController(Object(App\Controllers\PendaftaranAnggota))
 8 SYSTEMPATH\CodeIgniter.php(368): CodeIgniter\CodeIgniter->handleRequest(null, Object(Config\Cache), false)
 9 FCPATH\index.php(67): CodeIgniter\CodeIgniter->run()
10 SYSTEMPATH\Commands\Server\rewrite.php(47): require_once('D:\\xampp\\htdocs\\sims4\\WEBSIMS\\public\\index.php')
INFO - 2024-12-20 10:49:19 --> Session: Class initialized using 'CodeIgniter\Session\Handlers\FileHandler' driver.
INFO - 2024-12-20 10:49:24 --> Session: Class initialized using 'CodeIgniter\Session\Handlers\FileHandler' driver.
WARNING - 2024-12-20 10:49:25 --> [DEPRECATED] strtotime(): Passing null to parameter #1 ($datetime) of type string is deprecated in APPPATH\Views\riwayat_pembelian.php on line 92.
 1 APPPATH\Views\riwayat_pembelian.php(92): strtotime(null)
 2 SYSTEMPATH\View\View.php(213): include('D:\\xampp\\htdocs\\sims4\\WEBSIMS\\app\\Views\\riwayat_pembelian.php')
 3 SYSTEMPATH\View\View.php(216): CodeIgniter\View\View->CodeIgniter\View\{closure}()
 4 SYSTEMPATH\Common.php(1184): CodeIgniter\View\View->render('riwayat_pembelian', [], true)
 5 APPPATH\Controllers\PendaftaranAnggota.php(189): view('riwayat_pembelian', [...])
 6 SYSTEMPATH\CodeIgniter.php(934): App\Controllers\PendaftaranAnggota->riwayatPembelian()
 7 SYSTEMPATH\CodeIgniter.php(499): CodeIgniter\CodeIgniter->runController(Object(App\Controllers\PendaftaranAnggota))
 8 SYSTEMPATH\CodeIgniter.php(368): CodeIgniter\CodeIgniter->handleRequest(null, Object(Config\Cache), false)
 9 FCPATH\index.php(67): CodeIgniter\CodeIgniter->run()
10 SYSTEMPATH\Commands\Server\rewrite.php(47): require_once('D:\\xampp\\htdocs\\sims4\\WEBSIMS\\public\\index.php')
INFO - 2024-12-20 10:49:28 --> Session: Class initialized using 'CodeIgniter\Session\Handlers\FileHandler' driver.
INFO - 2024-12-20 10:49:33 --> Session: Class initialized using 'CodeIgniter\Session\Handlers\FileHandler' driver.
WARNING - 2024-12-20 10:49:33 --> [DEPRECATED] strtotime(): Passing null to parameter #1 ($datetime) of type string is deprecated in APPPATH\Views\riwayat_pembelian.php on line 92.
 1 APPPATH\Views\riwayat_pembelian.php(92): strtotime(null)
 2 SYSTEMPATH\View\View.php(213): include('D:\\xampp\\htdocs\\sims4\\WEBSIMS\\app\\Views\\riwayat_pembelian.php')
 3 SYSTEMPATH\View\View.php(216): CodeIgniter\View\View->CodeIgniter\View\{closure}()
 4 SYSTEMPATH\Common.php(1184): CodeIgniter\View\View->render('riwayat_pembelian', [], true)
 5 APPPATH\Controllers\PendaftaranAnggota.php(189): view('riwayat_pembelian', [...])
 6 SYSTEMPATH\CodeIgniter.php(934): App\Controllers\PendaftaranAnggota->riwayatPembelian()
 7 SYSTEMPATH\CodeIgniter.php(499): CodeIgniter\CodeIgniter->runController(Object(App\Controllers\PendaftaranAnggota))
 8 SYSTEMPATH\CodeIgniter.php(368): CodeIgniter\CodeIgniter->handleRequest(null, Object(Config\Cache), false)
 9 FCPATH\index.php(67): CodeIgniter\CodeIgniter->run()
10 SYSTEMPATH\Commands\Server\rewrite.php(47): require_once('D:\\xampp\\htdocs\\sims4\\WEBSIMS\\public\\index.php')
INFO - 2024-12-20 10:51:29 --> Session: Class initialized using 'CodeIgniter\Session\Handlers\FileHandler' driver.
WARNING - 2024-12-20 10:51:29 --> [DEPRECATED] strtotime(): Passing null to parameter #1 ($datetime) of type string is deprecated in APPPATH\Views\riwayat_pembelian.php on line 92.
 1 APPPATH\Views\riwayat_pembelian.php(92): strtotime(null)
 2 SYSTEMPATH\View\View.php(213): include('D:\\xampp\\htdocs\\sims4\\WEBSIMS\\app\\Views\\riwayat_pembelian.php')
 3 SYSTEMPATH\View\View.php(216): CodeIgniter\View\View->CodeIgniter\View\{closure}()
 4 SYSTEMPATH\Common.php(1184): CodeIgniter\View\View->render('riwayat_pembelian', [], true)
 5 APPPATH\Controllers\PendaftaranAnggota.php(189): view('riwayat_pembelian', [...])
 6 SYSTEMPATH\CodeIgniter.php(934): App\Controllers\PendaftaranAnggota->riwayatPembelian()
 7 SYSTEMPATH\CodeIgniter.php(499): CodeIgniter\CodeIgniter->runController(Object(App\Controllers\PendaftaranAnggota))
 8 SYSTEMPATH\CodeIgniter.php(368): CodeIgniter\CodeIgniter->handleRequest(null, Object(Config\Cache), false)
 9 FCPATH\index.php(67): CodeIgniter\CodeIgniter->run()
10 SYSTEMPATH\Commands\Server\rewrite.php(47): require_once('D:\\xampp\\htdocs\\sims4\\WEBSIMS\\public\\index.php')
INFO - 2024-12-20 10:51:33 --> Session: Class initialized using 'CodeIgniter\Session\Handlers\FileHandler' driver.
INFO - 2024-12-20 10:51:40 --> Session: Class initialized using 'CodeIgniter\Session\Handlers\FileHandler' driver.
INFO - 2024-12-20 10:51:44 --> Session: Class initialized using 'CodeIgniter\Session\Handlers\FileHandler' driver.
INFO - 2024-12-20 10:51:44 --> Session: Class initialized using 'CodeIgniter\Session\Handlers\FileHandler' driver.
INFO - 2024-12-20 10:51:45 --> Session: Class initialized using 'CodeIgniter\Session\Handlers\FileHandler' driver.
INFO - 2024-12-20 10:52:11 --> Payment Method: gopay
INFO - 2024-12-20 10:52:11 --> Session: Class initialized using 'CodeIgniter\Session\Handlers\FileHandler' driver.
INFO - 2024-12-20 10:52:12 --> Session: Class initialized using 'CodeIgniter\Session\Handlers\FileHandler' driver.
INFO - 2024-12-20 10:52:19 --> Session: Class initialized using 'CodeIgniter\Session\Handlers\FileHandler' driver.
INFO - 2024-12-20 10:52:19 --> Session: Class initialized using 'CodeIgniter\Session\Handlers\FileHandler' driver.
INFO - 2024-12-20 10:52:22 --> Session: Class initialized using 'CodeIgniter\Session\Handlers\FileHandler' driver.
WARNING - 2024-12-20 10:52:22 --> [DEPRECATED] strtotime(): Passing null to parameter #1 ($datetime) of type string is deprecated in APPPATH\Views\riwayat_pembelian.php on line 92.
 1 APPPATH\Views\riwayat_pembelian.php(92): strtotime(null)
 2 SYSTEMPATH\View\View.php(213): include('D:\\xampp\\htdocs\\sims4\\WEBSIMS\\app\\Views\\riwayat_pembelian.php')
 3 SYSTEMPATH\View\View.php(216): CodeIgniter\View\View->CodeIgniter\View\{closure}()
 4 SYSTEMPATH\Common.php(1184): CodeIgniter\View\View->render('riwayat_pembelian', [], true)
 5 APPPATH\Controllers\PendaftaranAnggota.php(189): view('riwayat_pembelian', [...])
 6 SYSTEMPATH\CodeIgniter.php(934): App\Controllers\PendaftaranAnggota->riwayatPembelian()
 7 SYSTEMPATH\CodeIgniter.php(499): CodeIgniter\CodeIgniter->runController(Object(App\Controllers\PendaftaranAnggota))
 8 SYSTEMPATH\CodeIgniter.php(368): CodeIgniter\CodeIgniter->handleRequest(null, Object(Config\Cache), false)
 9 FCPATH\index.php(67): CodeIgniter\CodeIgniter->run()
10 SYSTEMPATH\Commands\Server\rewrite.php(47): require_once('D:\\xampp\\htdocs\\sims4\\WEBSIMS\\public\\index.php')
INFO - 2024-12-20 10:54:43 --> Session: Class initialized using 'CodeIgniter\Session\Handlers\FileHandler' driver.
WARNING - 2024-12-20 10:54:44 --> [DEPRECATED] strtotime(): Passing null to parameter #1 ($datetime) of type string is deprecated in APPPATH\Views\riwayat_pembelian.php on line 94.
 1 APPPATH\Views\riwayat_pembelian.php(94): strtotime(null)
 2 SYSTEMPATH\View\View.php(213): include('D:\\xampp\\htdocs\\sims4\\WEBSIMS\\app\\Views\\riwayat_pembelian.php')
 3 SYSTEMPATH\View\View.php(216): CodeIgniter\View\View->CodeIgniter\View\{closure}()
 4 SYSTEMPATH\Common.php(1184): CodeIgniter\View\View->render('riwayat_pembelian', [], true)
 5 APPPATH\Controllers\PendaftaranAnggota.php(189): view('riwayat_pembelian', [...])
 6 SYSTEMPATH\CodeIgniter.php(934): App\Controllers\PendaftaranAnggota->riwayatPembelian()
 7 SYSTEMPATH\CodeIgniter.php(499): CodeIgniter\CodeIgniter->runController(Object(App\Controllers\PendaftaranAnggota))
 8 SYSTEMPATH\CodeIgniter.php(368): CodeIgniter\CodeIgniter->handleRequest(null, Object(Config\Cache), false)
 9 FCPATH\index.php(67): CodeIgniter\CodeIgniter->run()
10 SYSTEMPATH\Commands\Server\rewrite.php(47): require_once('D:\\xampp\\htdocs\\sims4\\WEBSIMS\\public\\index.php')
INFO - 2024-12-20 10:55:37 --> Session: Class initialized using 'CodeIgniter\Session\Handlers\FileHandler' driver.
INFO - 2024-12-20 10:56:12 --> Session: Class initialized using 'CodeIgniter\Session\Handlers\FileHandler' driver.
WARNING - 2024-12-20 10:56:12 --> [DEPRECATED] strtotime(): Passing null to parameter #1 ($datetime) of type string is deprecated in APPPATH\Views\riwayat_pembelian.php on line 94.
 1 APPPATH\Views\riwayat_pembelian.php(94): strtotime(null)
 2 SYSTEMPATH\View\View.php(213): include('D:\\xampp\\htdocs\\sims4\\WEBSIMS\\app\\Views\\riwayat_pembelian.php')
 3 SYSTEMPATH\View\View.php(216): CodeIgniter\View\View->CodeIgniter\View\{closure}()
 4 SYSTEMPATH\Common.php(1184): CodeIgniter\View\View->render('riwayat_pembelian', [], true)
 5 APPPATH\Controllers\PendaftaranAnggota.php(189): view('riwayat_pembelian', [...])
 6 SYSTEMPATH\CodeIgniter.php(934): App\Controllers\PendaftaranAnggota->riwayatPembelian()
 7 SYSTEMPATH\CodeIgniter.php(499): CodeIgniter\CodeIgniter->runController(Object(App\Controllers\PendaftaranAnggota))
 8 SYSTEMPATH\CodeIgniter.php(368): CodeIgniter\CodeIgniter->handleRequest(null, Object(Config\Cache), false)
 9 FCPATH\index.php(67): CodeIgniter\CodeIgniter->run()
10 SYSTEMPATH\Commands\Server\rewrite.php(47): require_once('D:\\xampp\\htdocs\\sims4\\WEBSIMS\\public\\index.php')
INFO - 2024-12-20 10:56:59 --> Session: Class initialized using 'CodeIgniter\Session\Handlers\FileHandler' driver.
WARNING - 2024-12-20 10:56:59 --> [DEPRECATED] strtotime(): Passing null to parameter #1 ($datetime) of type string is deprecated in APPPATH\Views\riwayat_pembelian.php on line 94.
 1 APPPATH\Views\riwayat_pembelian.php(94): strtotime(null)
 2 SYSTEMPATH\View\View.php(213): include('D:\\xampp\\htdocs\\sims4\\WEBSIMS\\app\\Views\\riwayat_pembelian.php')
 3 SYSTEMPATH\View\View.php(216): CodeIgniter\View\View->CodeIgniter\View\{closure}()
 4 SYSTEMPATH\Common.php(1184): CodeIgniter\View\View->render('riwayat_pembelian', [], true)
 5 APPPATH\Controllers\PendaftaranAnggota.php(189): view('riwayat_pembelian', [...])
 6 SYSTEMPATH\CodeIgniter.php(934): App\Controllers\PendaftaranAnggota->riwayatPembelian()
 7 SYSTEMPATH\CodeIgniter.php(499): CodeIgniter\CodeIgniter->runController(Object(App\Controllers\PendaftaranAnggota))
 8 SYSTEMPATH\CodeIgniter.php(368): CodeIgniter\CodeIgniter->handleRequest(null, Object(Config\Cache), false)
 9 FCPATH\index.php(67): CodeIgniter\CodeIgniter->run()
10 SYSTEMPATH\Commands\Server\rewrite.php(47): require_once('D:\\xampp\\htdocs\\sims4\\WEBSIMS\\public\\index.php')
INFO - 2024-12-20 10:57:02 --> Session: Class initialized using 'CodeIgniter\Session\Handlers\FileHandler' driver.
INFO - 2024-12-20 10:57:07 --> Session: Class initialized using 'CodeIgniter\Session\Handlers\FileHandler' driver.
INFO - 2024-12-20 10:57:07 --> Session: Class initialized using 'CodeIgniter\Session\Handlers\FileHandler' driver.
INFO - 2024-12-20 10:57:07 --> Session: Class initialized using 'CodeIgniter\Session\Handlers\FileHandler' driver.
INFO - 2024-12-20 10:57:29 --> Payment Method: transfer
INFO - 2024-12-20 10:57:29 --> Session: Class initialized using 'CodeIgniter\Session\Handlers\FileHandler' driver.
INFO - 2024-12-20 10:57:30 --> Session: Class initialized using 'CodeIgniter\Session\Handlers\FileHandler' driver.
INFO - 2024-12-20 10:57:38 --> Session: Class initialized using 'CodeIgniter\Session\Handlers\FileHandler' driver.
INFO - 2024-12-20 10:57:38 --> Session: Class initialized using 'CodeIgniter\Session\Handlers\FileHandler' driver.
INFO - 2024-12-20 10:57:53 --> Session: Class initialized using 'CodeIgniter\Session\Handlers\FileHandler' driver.
WARNING - 2024-12-20 10:57:53 --> [DEPRECATED] strtotime(): Passing null to parameter #1 ($datetime) of type string is deprecated in APPPATH\Views\riwayat_pembelian.php on line 94.
 1 APPPATH\Views\riwayat_pembelian.php(94): strtotime(null)
 2 SYSTEMPATH\View\View.php(213): include('D:\\xampp\\htdocs\\sims4\\WEBSIMS\\app\\Views\\riwayat_pembelian.php')
 3 SYSTEMPATH\View\View.php(216): CodeIgniter\View\View->CodeIgniter\View\{closure}()
 4 SYSTEMPATH\Common.php(1184): CodeIgniter\View\View->render('riwayat_pembelian', [], true)
 5 APPPATH\Controllers\PendaftaranAnggota.php(189): view('riwayat_pembelian', [...])
 6 SYSTEMPATH\CodeIgniter.php(934): App\Controllers\PendaftaranAnggota->riwayatPembelian()
 7 SYSTEMPATH\CodeIgniter.php(499): CodeIgniter\CodeIgniter->runController(Object(App\Controllers\PendaftaranAnggota))
 8 SYSTEMPATH\CodeIgniter.php(368): CodeIgniter\CodeIgniter->handleRequest(null, Object(Config\Cache), false)
 9 FCPATH\index.php(67): CodeIgniter\CodeIgniter->run()
10 SYSTEMPATH\Commands\Server\rewrite.php(47): require_once('D:\\xampp\\htdocs\\sims4\\WEBSIMS\\public\\index.php')
INFO - 2024-12-20 10:58:55 --> Session: Class initialized using 'CodeIgniter\Session\Handlers\FileHandler' driver.
INFO - 2024-12-20 10:58:58 --> Session: Class initialized using 'CodeIgniter\Session\Handlers\FileHandler' driver.
INFO - 2024-12-20 10:58:58 --> Session: Class initialized using 'CodeIgniter\Session\Handlers\FileHandler' driver.
INFO - 2024-12-20 10:58:58 --> Session: Class initialized using 'CodeIgniter\Session\Handlers\FileHandler' driver.
INFO - 2024-12-20 10:59:01 --> Session: Class initialized using 'CodeIgniter\Session\Handlers\FileHandler' driver.
WARNING - 2024-12-20 10:59:01 --> [DEPRECATED] strtotime(): Passing null to parameter #1 ($datetime) of type string is deprecated in APPPATH\Views\riwayat_pembelian.php on line 94.
 1 APPPATH\Views\riwayat_pembelian.php(94): strtotime(null)
 2 SYSTEMPATH\View\View.php(213): include('D:\\xampp\\htdocs\\sims4\\WEBSIMS\\app\\Views\\riwayat_pembelian.php')
 3 SYSTEMPATH\View\View.php(216): CodeIgniter\View\View->CodeIgniter\View\{closure}()
 4 SYSTEMPATH\Common.php(1184): CodeIgniter\View\View->render('riwayat_pembelian', [], true)
 5 APPPATH\Controllers\PendaftaranAnggota.php(188): view('riwayat_pembelian', [...])
 6 SYSTEMPATH\CodeIgniter.php(934): App\Controllers\PendaftaranAnggota->riwayatPembelian()
 7 SYSTEMPATH\CodeIgniter.php(499): CodeIgniter\CodeIgniter->runController(Object(App\Controllers\PendaftaranAnggota))
 8 SYSTEMPATH\CodeIgniter.php(368): CodeIgniter\CodeIgniter->handleRequest(null, Object(Config\Cache), false)
 9 FCPATH\index.php(67): CodeIgniter\CodeIgniter->run()
10 SYSTEMPATH\Commands\Server\rewrite.php(47): require_once('D:\\xampp\\htdocs\\sims4\\WEBSIMS\\public\\index.php')
INFO - 2024-12-20 10:59:05 --> Session: Class initialized using 'CodeIgniter\Session\Handlers\FileHandler' driver.
INFO - 2024-12-20 10:59:09 --> Session: Class initialized using 'CodeIgniter\Session\Handlers\FileHandler' driver.
WARNING - 2024-12-20 10:59:09 --> [DEPRECATED] strtotime(): Passing null to parameter #1 ($datetime) of type string is deprecated in APPPATH\Views\riwayat_pembelian.php on line 94.
 1 APPPATH\Views\riwayat_pembelian.php(94): strtotime(null)
 2 SYSTEMPATH\View\View.php(213): include('D:\\xampp\\htdocs\\sims4\\WEBSIMS\\app\\Views\\riwayat_pembelian.php')
 3 SYSTEMPATH\View\View.php(216): CodeIgniter\View\View->CodeIgniter\View\{closure}()
 4 SYSTEMPATH\Common.php(1184): CodeIgniter\View\View->render('riwayat_pembelian', [], true)
 5 APPPATH\Controllers\PendaftaranAnggota.php(188): view('riwayat_pembelian', [...])
 6 SYSTEMPATH\CodeIgniter.php(934): App\Controllers\PendaftaranAnggota->riwayatPembelian()
 7 SYSTEMPATH\CodeIgniter.php(499): CodeIgniter\CodeIgniter->runController(Object(App\Controllers\PendaftaranAnggota))
 8 SYSTEMPATH\CodeIgniter.php(368): CodeIgniter\CodeIgniter->handleRequest(null, Object(Config\Cache), false)
 9 FCPATH\index.php(67): CodeIgniter\CodeIgniter->run()
10 SYSTEMPATH\Commands\Server\rewrite.php(47): require_once('D:\\xampp\\htdocs\\sims4\\WEBSIMS\\public\\index.php')
INFO - 2024-12-20 10:59:12 --> Session: Class initialized using 'CodeIgniter\Session\Handlers\FileHandler' driver.
INFO - 2024-12-20 10:59:41 --> Payment Method: shoppepay
INFO - 2024-12-20 10:59:41 --> Session: Class initialized using 'CodeIgniter\Session\Handlers\FileHandler' driver.
INFO - 2024-12-20 10:59:42 --> Session: Class initialized using 'CodeIgniter\Session\Handlers\FileHandler' driver.
INFO - 2024-12-20 10:59:52 --> Session: Class initialized using 'CodeIgniter\Session\Handlers\FileHandler' driver.
INFO - 2024-12-20 10:59:53 --> Session: Class initialized using 'CodeIgniter\Session\Handlers\FileHandler' driver.
INFO - 2024-12-20 10:59:58 --> Session: Class initialized using 'CodeIgniter\Session\Handlers\FileHandler' driver.
WARNING - 2024-12-20 10:59:58 --> [DEPRECATED] strtotime(): Passing null to parameter #1 ($datetime) of type string is deprecated in APPPATH\Views\riwayat_pembelian.php on line 94.
 1 APPPATH\Views\riwayat_pembelian.php(94): strtotime(null)
 2 SYSTEMPATH\View\View.php(213): include('D:\\xampp\\htdocs\\sims4\\WEBSIMS\\app\\Views\\riwayat_pembelian.php')
 3 SYSTEMPATH\View\View.php(216): CodeIgniter\View\View->CodeIgniter\View\{closure}()
 4 SYSTEMPATH\Common.php(1184): CodeIgniter\View\View->render('riwayat_pembelian', [], true)
 5 APPPATH\Controllers\PendaftaranAnggota.php(188): view('riwayat_pembelian', [...])
 6 SYSTEMPATH\CodeIgniter.php(934): App\Controllers\PendaftaranAnggota->riwayatPembelian()
 7 SYSTEMPATH\CodeIgniter.php(499): CodeIgniter\CodeIgniter->runController(Object(App\Controllers\PendaftaranAnggota))
 8 SYSTEMPATH\CodeIgniter.php(368): CodeIgniter\CodeIgniter->handleRequest(null, Object(Config\Cache), false)
 9 FCPATH\index.php(67): CodeIgniter\CodeIgniter->run()
10 SYSTEMPATH\Commands\Server\rewrite.php(47): require_once('D:\\xampp\\htdocs\\sims4\\WEBSIMS\\public\\index.php')
INFO - 2024-12-20 11:28:29 --> Session: Class initialized using 'CodeIgniter\Session\Handlers\FileHandler' driver.
INFO - 2024-12-20 11:30:19 --> Session: Class initialized using 'CodeIgniter\Session\Handlers\FileHandler' driver.
WARNING - 2024-12-20 11:30:20 --> [DEPRECATED] strtotime(): Passing null to parameter #1 ($datetime) of type string is deprecated in APPPATH\Views\riwayat_pembelian.php on line 94.
 1 APPPATH\Views\riwayat_pembelian.php(94): strtotime(null)
 2 SYSTEMPATH\View\View.php(213): include('D:\\xampp\\htdocs\\sims4\\WEBSIMS\\app\\Views\\riwayat_pembelian.php')
 3 SYSTEMPATH\View\View.php(216): CodeIgniter\View\View->CodeIgniter\View\{closure}()
 4 SYSTEMPATH\Common.php(1184): CodeIgniter\View\View->render('riwayat_pembelian', [], true)
 5 APPPATH\Controllers\PendaftaranAnggota.php(188): view('riwayat_pembelian', [...])
 6 SYSTEMPATH\CodeIgniter.php(934): App\Controllers\PendaftaranAnggota->riwayatPembelian()
 7 SYSTEMPATH\CodeIgniter.php(499): CodeIgniter\CodeIgniter->runController(Object(App\Controllers\PendaftaranAnggota))
 8 SYSTEMPATH\CodeIgniter.php(368): CodeIgniter\CodeIgniter->handleRequest(null, Object(Config\Cache), false)
 9 FCPATH\index.php(67): CodeIgniter\CodeIgniter->run()
10 SYSTEMPATH\Commands\Server\rewrite.php(47): require_once('D:\\xampp\\htdocs\\sims4\\WEBSIMS\\public\\index.php')
INFO - 2024-12-20 11:32:42 --> Session: Class initialized using 'CodeIgniter\Session\Handlers\FileHandler' driver.
WARNING - 2024-12-20 11:32:42 --> [DEPRECATED] strtotime(): Passing null to parameter #1 ($datetime) of type string is deprecated in APPPATH\Views\riwayat_pembelian.php on line 94.
 1 APPPATH\Views\riwayat_pembelian.php(94): strtotime(null)
 2 SYSTEMPATH\View\View.php(213): include('D:\\xampp\\htdocs\\sims4\\WEBSIMS\\app\\Views\\riwayat_pembelian.php')
 3 SYSTEMPATH\View\View.php(216): CodeIgniter\View\View->CodeIgniter\View\{closure}()
 4 SYSTEMPATH\Common.php(1184): CodeIgniter\View\View->render('riwayat_pembelian', [], true)
 5 APPPATH\Controllers\PendaftaranAnggota.php(188): view('riwayat_pembelian', [...])
 6 SYSTEMPATH\CodeIgniter.php(934): App\Controllers\PendaftaranAnggota->riwayatPembelian()
 7 SYSTEMPATH\CodeIgniter.php(499): CodeIgniter\CodeIgniter->runController(Object(App\Controllers\PendaftaranAnggota))
 8 SYSTEMPATH\CodeIgniter.php(368): CodeIgniter\CodeIgniter->handleRequest(null, Object(Config\Cache), false)
 9 FCPATH\index.php(67): CodeIgniter\CodeIgniter->run()
10 SYSTEMPATH\Commands\Server\rewrite.php(47): require_once('D:\\xampp\\htdocs\\sims4\\WEBSIMS\\public\\index.php')
INFO - 2024-12-20 11:32:45 --> Session: Class initialized using 'CodeIgniter\Session\Handlers\FileHandler' driver.
INFO - 2024-12-20 11:32:45 --> Session: Class initialized using 'CodeIgniter\Session\Handlers\FileHandler' driver.
WARNING - 2024-12-20 11:32:46 --> [DEPRECATED] strtotime(): Passing null to parameter #1 ($datetime) of type string is deprecated in APPPATH\Views\riwayat_pembelian.php on line 94.
 1 APPPATH\Views\riwayat_pembelian.php(94): strtotime(null)
 2 SYSTEMPATH\View\View.php(213): include('D:\\xampp\\htdocs\\sims4\\WEBSIMS\\app\\Views\\riwayat_pembelian.php')
 3 SYSTEMPATH\View\View.php(216): CodeIgniter\View\View->CodeIgniter\View\{closure}()
 4 SYSTEMPATH\Common.php(1184): CodeIgniter\View\View->render('riwayat_pembelian', [], true)
 5 APPPATH\Controllers\PendaftaranAnggota.php(188): view('riwayat_pembelian', [...])
 6 SYSTEMPATH\CodeIgniter.php(934): App\Controllers\PendaftaranAnggota->riwayatPembelian()
 7 SYSTEMPATH\CodeIgniter.php(499): CodeIgniter\CodeIgniter->runController(Object(App\Controllers\PendaftaranAnggota))
 8 SYSTEMPATH\CodeIgniter.php(368): CodeIgniter\CodeIgniter->handleRequest(null, Object(Config\Cache), false)
 9 FCPATH\index.php(67): CodeIgniter\CodeIgniter->run()
10 SYSTEMPATH\Commands\Server\rewrite.php(47): require_once('D:\\xampp\\htdocs\\sims4\\WEBSIMS\\public\\index.php')
CRITICAL - 2024-12-20 11:34:40 --> Invalid file: "layout/admin_template.php"
in SYSTEMPATH\Exceptions\FrameworkException.php on line 33.
 1 SYSTEMPATH\View\View.php(201): CodeIgniter\Exceptions\FrameworkException::forInvalidFile('layout/admin_template.php')
 2 SYSTEMPATH\View\View.php(229): CodeIgniter\View\View->render('layout/admin_template', [], true)
 3 SYSTEMPATH\Common.php(1184): CodeIgniter\View\View->render('admin/contact_list', [], true)
 4 APPPATH\Controllers\ContactUs.php(46): view('admin/contact_list', [...])
 5 SYSTEMPATH\CodeIgniter.php(934): App\Controllers\ContactUs->index()
 6 SYSTEMPATH\CodeIgniter.php(499): CodeIgniter\CodeIgniter->runController(Object(App\Controllers\ContactUs))
 7 SYSTEMPATH\CodeIgniter.php(368): CodeIgniter\CodeIgniter->handleRequest(null, Object(Config\Cache), false)
 8 FCPATH\index.php(67): CodeIgniter\CodeIgniter->run()
 9 SYSTEMPATH\Commands\Server\rewrite.php(47): require_once('D:\\xampp\\htdocs\\sims4\\WEBSIMS\\public\\index.php')
CRITICAL - 2024-12-20 11:35:13 --> Invalid file: "layout/admin_dashboard.php"
in SYSTEMPATH\Exceptions\FrameworkException.php on line 33.
 1 SYSTEMPATH\View\View.php(201): CodeIgniter\Exceptions\FrameworkException::forInvalidFile('layout/admin_dashboard.php')
 2 SYSTEMPATH\View\View.php(229): CodeIgniter\View\View->render('layout/admin_dashboard', [], true)
 3 SYSTEMPATH\Common.php(1184): CodeIgniter\View\View->render('admin/contact_list', [], true)
 4 APPPATH\Controllers\ContactUs.php(46): view('admin/contact_list', [...])
 5 SYSTEMPATH\CodeIgniter.php(934): App\Controllers\ContactUs->index()
 6 SYSTEMPATH\CodeIgniter.php(499): CodeIgniter\CodeIgniter->runController(Object(App\Controllers\ContactUs))
 7 SYSTEMPATH\CodeIgniter.php(368): CodeIgniter\CodeIgniter->handleRequest(null, Object(Config\Cache), false)
 8 FCPATH\index.php(67): CodeIgniter\CodeIgniter->run()
 9 SYSTEMPATH\Commands\Server\rewrite.php(47): require_once('D:\\xampp\\htdocs\\sims4\\WEBSIMS\\public\\index.php')
CRITICAL - 2024-12-20 11:35:29 --> Undefined variable $page
in APPPATH\Views\templates\admin_dashboard.php on line 175.
 1 APPPATH\Views\templates\admin_dashboard.php(175): CodeIgniter\Debug\Exceptions->errorHandler(2, 'Undefined variable $page', 'D:\\xampp\\htdocs\\sims4\\WEBSIMS\\app\\Views\\templates\\admin_dashboard.php', 175)
 2 SYSTEMPATH\View\View.php(213): include('D:\\xampp\\htdocs\\sims4\\WEBSIMS\\app\\Views\\templates\\admin_dashboard.php')
 3 SYSTEMPATH\View\View.php(216): CodeIgniter\View\View->CodeIgniter\View\{closure}()
 4 SYSTEMPATH\View\View.php(229): CodeIgniter\View\View->render('templates/admin_dashboard', [], true)
 5 SYSTEMPATH\Common.php(1184): CodeIgniter\View\View->render('admin/contact_list', [], true)
 6 APPPATH\Controllers\ContactUs.php(46): view('admin/contact_list', [...])
 7 SYSTEMPATH\CodeIgniter.php(934): App\Controllers\ContactUs->index()
 8 SYSTEMPATH\CodeIgniter.php(499): CodeIgniter\CodeIgniter->runController(Object(App\Controllers\ContactUs))
 9 SYSTEMPATH\CodeIgniter.php(368): CodeIgniter\CodeIgniter->handleRequest(null, Object(Config\Cache), false)
10 FCPATH\index.php(67): CodeIgniter\CodeIgniter->run()
11 SYSTEMPATH\Commands\Server\rewrite.php(47): require_once('D:\\xampp\\htdocs\\sims4\\WEBSIMS\\public\\index.php')
CRITICAL - 2024-12-20 11:36:52 --> Undefined variable $page
in APPPATH\Views\templates\admin_dashboard.php on line 175.
 1 APPPATH\Views\templates\admin_dashboard.php(175): CodeIgniter\Debug\Exceptions->errorHandler(2, 'Undefined variable $page', 'D:\\xampp\\htdocs\\sims4\\WEBSIMS\\app\\Views\\templates\\admin_dashboard.php', 175)
 2 SYSTEMPATH\View\View.php(213): include('D:\\xampp\\htdocs\\sims4\\WEBSIMS\\app\\Views\\templates\\admin_dashboard.php')
 3 SYSTEMPATH\View\View.php(216): CodeIgniter\View\View->CodeIgniter\View\{closure}()
 4 SYSTEMPATH\View\View.php(229): CodeIgniter\View\View->render('templates/admin_dashboard', [], true)
 5 SYSTEMPATH\Common.php(1184): CodeIgniter\View\View->render('admin/contact_list', [], true)
 6 APPPATH\Controllers\ContactUs.php(46): view('admin/contact_list', [...])
 7 SYSTEMPATH\CodeIgniter.php(934): App\Controllers\ContactUs->index()
 8 SYSTEMPATH\CodeIgniter.php(499): CodeIgniter\CodeIgniter->runController(Object(App\Controllers\ContactUs))
 9 SYSTEMPATH\CodeIgniter.php(368): CodeIgniter\CodeIgniter->handleRequest(null, Object(Config\Cache), false)
10 FCPATH\index.php(67): CodeIgniter\CodeIgniter->run()
11 SYSTEMPATH\Commands\Server\rewrite.php(47): require_once('D:\\xampp\\htdocs\\sims4\\WEBSIMS\\public\\index.php')
ERROR - 2024-12-20 11:37:48 --> mysqli_sql_exception: Table 'sims1.tbl_provinsi' doesn't exist in D:\xampp\htdocs\sims4\WEBSIMS\system\Database\MySQLi\Connection.php:295
Stack trace:
#0 D:\xampp\htdocs\sims4\WEBSIMS\system\Database\MySQLi\Connection.php(295): mysqli->query('SELECT *\nFROM `...', 0)
#1 D:\xampp\htdocs\sims4\WEBSIMS\system\Database\BaseConnection.php(691): CodeIgniter\Database\MySQLi\Connection->execute('SELECT *\nFROM `...')
#2 D:\xampp\htdocs\sims4\WEBSIMS\system\Database\BaseConnection.php(605): CodeIgniter\Database\BaseConnection->simpleQuery('SELECT *\nFROM `...')
#3 D:\xampp\htdocs\sims4\WEBSIMS\system\Database\BaseBuilder.php(1616): CodeIgniter\Database\BaseConnection->query('SELECT *\nFROM `...', Array, false)
#4 D:\xampp\htdocs\sims4\WEBSIMS\app\Models\M_Form.php(12): CodeIgniter\Database\BaseBuilder->get()
#5 D:\xampp\htdocs\sims4\WEBSIMS\app\Controllers\Payment.php(22): App\Models\M_Form->AllProvinsi()
#6 D:\xampp\htdocs\sims4\WEBSIMS\system\CodeIgniter.php(934): App\Controllers\Payment->index()
#7 D:\xampp\htdocs\sims4\WEBSIMS\system\CodeIgniter.php(499): CodeIgniter\CodeIgniter->runController(Object(App\Controllers\Payment))
#8 D:\xampp\htdocs\sims4\WEBSIMS\system\CodeIgniter.php(368): CodeIgniter\CodeIgniter->handleRequest(NULL, Object(Config\Cache), false)
#9 D:\xampp\htdocs\sims4\WEBSIMS\public\index.php(67): CodeIgniter\CodeIgniter->run()
#10 D:\xampp\htdocs\sims4\WEBSIMS\system\Commands\Server\rewrite.php(47): require_once('D:\\xampp\\htdocs...')
#11 {main}
CRITICAL - 2024-12-20 11:37:48 --> Table 'sims1.tbl_provinsi' doesn't exist
in SYSTEMPATH\Database\MySQLi\Connection.php on line 295.
 1 SYSTEMPATH\Database\MySQLi\Connection.php(295): mysqli->query('SELECT *
FROM `tbl_provinsi`', 0)
 2 SYSTEMPATH\Database\BaseConnection.php(691): CodeIgniter\Database\MySQLi\Connection->execute('SELECT *
FROM `tbl_provinsi`')
 3 SYSTEMPATH\Database\BaseConnection.php(605): CodeIgniter\Database\BaseConnection->simpleQuery('SELECT *
FROM `tbl_provinsi`')
 4 SYSTEMPATH\Database\BaseBuilder.php(1616): CodeIgniter\Database\BaseConnection->query('SELECT *
FROM `tbl_provinsi`', [], false)
 5 APPPATH\Models\M_Form.php(12): CodeIgniter\Database\BaseBuilder->get()
 6 APPPATH\Controllers\Payment.php(22): App\Models\M_Form->AllProvinsi()
 7 SYSTEMPATH\CodeIgniter.php(934): App\Controllers\Payment->index()
 8 SYSTEMPATH\CodeIgniter.php(499): CodeIgniter\CodeIgniter->runController(Object(App\Controllers\Payment))
 9 SYSTEMPATH\CodeIgniter.php(368): CodeIgniter\CodeIgniter->handleRequest(null, Object(Config\Cache), false)
10 FCPATH\index.php(67): CodeIgniter\CodeIgniter->run()
11 SYSTEMPATH\Commands\Server\rewrite.php(47): require_once('D:\\xampp\\htdocs\\sims4\\WEBSIMS\\public\\index.php')
INFO - 2024-12-20 11:37:53 --> Session: Class initialized using 'CodeIgniter\Session\Handlers\FileHandler' driver.
CRITICAL - 2024-12-20 11:37:53 --> Invalid file: "layout/admin_template.php"
in SYSTEMPATH\Exceptions\FrameworkException.php on line 33.
 1 SYSTEMPATH\View\View.php(201): CodeIgniter\Exceptions\FrameworkException::forInvalidFile('layout/admin_template.php')
 2 SYSTEMPATH\View\View.php(229): CodeIgniter\View\View->render('layout/admin_template', [], true)
 3 SYSTEMPATH\Common.php(1184): CodeIgniter\View\View->render('admin/user_list', [], true)
 4 APPPATH\Controllers\User.php(126): view('admin/user_list', [...])
 5 SYSTEMPATH\CodeIgniter.php(934): App\Controllers\User->listUsers()
 6 SYSTEMPATH\CodeIgniter.php(499): CodeIgniter\CodeIgniter->runController(Object(App\Controllers\User))
 7 SYSTEMPATH\CodeIgniter.php(368): CodeIgniter\CodeIgniter->handleRequest(null, Object(Config\Cache), false)
 8 FCPATH\index.php(67): CodeIgniter\CodeIgniter->run()
 9 SYSTEMPATH\Commands\Server\rewrite.php(47): require_once('D:\\xampp\\htdocs\\sims4\\WEBSIMS\\public\\index.php')
INFO - 2024-12-20 11:39:02 --> Session: Class initialized using 'CodeIgniter\Session\Handlers\FileHandler' driver.
CRITICAL - 2024-12-20 11:39:02 --> Undefined variable $page
in APPPATH\Views\templates\admin_dashboard.php on line 175.
 1 APPPATH\Views\templates\admin_dashboard.php(175): CodeIgniter\Debug\Exceptions->errorHandler(2, 'Undefined variable $page', 'D:\\xampp\\htdocs\\sims4\\WEBSIMS\\app\\Views\\templates\\admin_dashboard.php', 175)
 2 SYSTEMPATH\View\View.php(213): include('D:\\xampp\\htdocs\\sims4\\WEBSIMS\\app\\Views\\templates\\admin_dashboard.php')
 3 SYSTEMPATH\View\View.php(216): CodeIgniter\View\View->CodeIgniter\View\{closure}()
 4 SYSTEMPATH\View\View.php(229): CodeIgniter\View\View->render('templates/admin_dashboard', [], true)
 5 SYSTEMPATH\Common.php(1184): CodeIgniter\View\View->render('admin/user_list', [], true)
 6 APPPATH\Controllers\User.php(126): view('admin/user_list', [...])
 7 SYSTEMPATH\CodeIgniter.php(934): App\Controllers\User->listUsers()
 8 SYSTEMPATH\CodeIgniter.php(499): CodeIgniter\CodeIgniter->runController(Object(App\Controllers\User))
 9 SYSTEMPATH\CodeIgniter.php(368): CodeIgniter\CodeIgniter->handleRequest(null, Object(Config\Cache), false)
10 FCPATH\index.php(67): CodeIgniter\CodeIgniter->run()
11 SYSTEMPATH\Commands\Server\rewrite.php(47): require_once('D:\\xampp\\htdocs\\sims4\\WEBSIMS\\public\\index.php')
INFO - 2024-12-20 11:41:54 --> Session: Class initialized using 'CodeIgniter\Session\Handlers\FileHandler' driver.
CRITICAL - 2024-12-20 11:41:54 --> Undefined variable $page
in APPPATH\Views\templates\admin_dashboard.php on line 175.
 1 APPPATH\Views\templates\admin_dashboard.php(175): CodeIgniter\Debug\Exceptions->errorHandler(2, 'Undefined variable $page', 'D:\\xampp\\htdocs\\sims4\\WEBSIMS\\app\\Views\\templates\\admin_dashboard.php', 175)
 2 SYSTEMPATH\View\View.php(213): include('D:\\xampp\\htdocs\\sims4\\WEBSIMS\\app\\Views\\templates\\admin_dashboard.php')
 3 SYSTEMPATH\View\View.php(216): CodeIgniter\View\View->CodeIgniter\View\{closure}()
 4 SYSTEMPATH\View\View.php(229): CodeIgniter\View\View->render('templates/admin_dashboard', [], true)
 5 SYSTEMPATH\Common.php(1184): CodeIgniter\View\View->render('admin/user_list', [], true)
 6 APPPATH\Controllers\User.php(126): view('admin/user_list', [...])
 7 SYSTEMPATH\CodeIgniter.php(934): App\Controllers\User->listUsers()
 8 SYSTEMPATH\CodeIgniter.php(499): CodeIgniter\CodeIgniter->runController(Object(App\Controllers\User))
 9 SYSTEMPATH\CodeIgniter.php(368): CodeIgniter\CodeIgniter->handleRequest(null, Object(Config\Cache), false)
10 FCPATH\index.php(67): CodeIgniter\CodeIgniter->run()
11 SYSTEMPATH\Commands\Server\rewrite.php(47): require_once('D:\\xampp\\htdocs\\sims4\\WEBSIMS\\public\\index.php')
INFO - 2024-12-20 11:49:38 --> Session: Class initialized using 'CodeIgniter\Session\Handlers\FileHandler' driver.
CRITICAL - 2024-12-20 11:49:38 --> Undefined variable $page
in APPPATH\Views\templates\admin_dashboard.php on line 175.
 1 APPPATH\Views\templates\admin_dashboard.php(175): CodeIgniter\Debug\Exceptions->errorHandler(2, 'Undefined variable $page', 'D:\\xampp\\htdocs\\sims4\\WEBSIMS\\app\\Views\\templates\\admin_dashboard.php', 175)
 2 SYSTEMPATH\View\View.php(213): include('D:\\xampp\\htdocs\\sims4\\WEBSIMS\\app\\Views\\templates\\admin_dashboard.php')
 3 SYSTEMPATH\View\View.php(216): CodeIgniter\View\View->CodeIgniter\View\{closure}()
 4 SYSTEMPATH\View\View.php(229): CodeIgniter\View\View->render('templates/admin_dashboard', [], true)
 5 SYSTEMPATH\Common.php(1184): CodeIgniter\View\View->render('admin/user_list', [], true)
 6 APPPATH\Controllers\User.php(126): view('admin/user_list', [...])
 7 SYSTEMPATH\CodeIgniter.php(934): App\Controllers\User->listUsers()
 8 SYSTEMPATH\CodeIgniter.php(499): CodeIgniter\CodeIgniter->runController(Object(App\Controllers\User))
 9 SYSTEMPATH\CodeIgniter.php(368): CodeIgniter\CodeIgniter->handleRequest(null, Object(Config\Cache), false)
10 FCPATH\index.php(67): CodeIgniter\CodeIgniter->run()
11 SYSTEMPATH\Commands\Server\rewrite.php(47): require_once('D:\\xampp\\htdocs\\sims4\\WEBSIMS\\public\\index.php')
INFO - 2024-12-20 11:49:41 --> Session: Class initialized using 'CodeIgniter\Session\Handlers\FileHandler' driver.
CRITICAL - 2024-12-20 11:49:41 --> Undefined variable $page
in APPPATH\Views\templates\admin_dashboard.php on line 175.
 1 APPPATH\Views\templates\admin_dashboard.php(175): CodeIgniter\Debug\Exceptions->errorHandler(2, 'Undefined variable $page', 'D:\\xampp\\htdocs\\sims4\\WEBSIMS\\app\\Views\\templates\\admin_dashboard.php', 175)
 2 SYSTEMPATH\View\View.php(213): include('D:\\xampp\\htdocs\\sims4\\WEBSIMS\\app\\Views\\templates\\admin_dashboard.php')
 3 SYSTEMPATH\View\View.php(216): CodeIgniter\View\View->CodeIgniter\View\{closure}()
 4 SYSTEMPATH\View\View.php(229): CodeIgniter\View\View->render('templates/admin_dashboard', [], true)
 5 SYSTEMPATH\Common.php(1184): CodeIgniter\View\View->render('admin/user_list', [], true)
 6 APPPATH\Controllers\User.php(126): view('admin/user_list', [...])
 7 SYSTEMPATH\CodeIgniter.php(934): App\Controllers\User->listUsers()
 8 SYSTEMPATH\CodeIgniter.php(499): CodeIgniter\CodeIgniter->runController(Object(App\Controllers\User))
 9 SYSTEMPATH\CodeIgniter.php(368): CodeIgniter\CodeIgniter->handleRequest(null, Object(Config\Cache), false)
10 FCPATH\index.php(67): CodeIgniter\CodeIgniter->run()
11 SYSTEMPATH\Commands\Server\rewrite.php(47): require_once('D:\\xampp\\htdocs\\sims4\\WEBSIMS\\public\\index.php')
INFO - 2024-12-20 11:52:56 --> Session: Class initialized using 'CodeIgniter\Session\Handlers\FileHandler' driver.
INFO - 2024-12-20 11:58:14 --> Session: Class initialized using 'CodeIgniter\Session\Handlers\FileHandler' driver.
INFO - 2024-12-20 11:58:18 --> Session: Class initialized using 'CodeIgniter\Session\Handlers\FileHandler' driver.
INFO - 2024-12-20 12:09:38 --> Session: Class initialized using 'CodeIgniter\Session\Handlers\FileHandler' driver.
DEBUG - 2024-12-20 12:29:41 --> Messages: Array
(
    [0] => Array
        (
            [id] => 1
            [keperluan] => Pertanyaan
            [pesan] => Saya tidak tau yang mulia
            [created_at] => 
            [updated_at] => 
        )

)

DEBUG - 2024-12-20 12:29:55 --> Messages: Array
(
    [0] => Array
        (
            [id] => 1
            [keperluan] => Pertanyaan
            [pesan] => Saya tidak tau yang mulia
            [created_at] => 
            [updated_at] => 
        )

)

INFO - 2024-12-20 12:38:26 --> Session: Class initialized using 'CodeIgniter\Session\Handlers\FileHandler' driver.
INFO - 2024-12-20 12:38:45 --> Session: Class initialized using 'CodeIgniter\Session\Handlers\FileHandler' driver.
INFO - 2024-12-20 12:39:57 --> Session: Class initialized using 'CodeIgniter\Session\Handlers\FileHandler' driver.
INFO - 2024-12-20 12:40:07 --> Session: Class initialized using 'CodeIgniter\Session\Handlers\FileHandler' driver.
INFO - 2024-12-20 12:40:18 --> Session: Class initialized using 'CodeIgniter\Session\Handlers\FileHandler' driver.
INFO - 2024-12-20 12:44:58 --> Session: Class initialized using 'CodeIgniter\Session\Handlers\FileHandler' driver.
CRITICAL - 2024-12-20 12:47:33 --> Undefined variable $menu
in APPPATH\Views\templates\admin_dashboard.php on line 88.
 1 APPPATH\Views\templates\admin_dashboard.php(88): CodeIgniter\Debug\Exceptions->errorHandler(2, 'Undefined variable $menu', 'D:\\xampp\\htdocs\\sims4\\WEBSIMS\\app\\Views\\templates\\admin_dashboard.php', 88)
 2 SYSTEMPATH\View\View.php(213): include('D:\\xampp\\htdocs\\sims4\\WEBSIMS\\app\\Views\\templates\\admin_dashboard.php')
 3 SYSTEMPATH\View\View.php(216): CodeIgniter\View\View->CodeIgniter\View\{closure}()
 4 SYSTEMPATH\View\View.php(229): CodeIgniter\View\View->render('templates/admin_dashboard', [], true)
 5 SYSTEMPATH\Common.php(1184): CodeIgniter\View\View->render('admin/user_edit', [], true)
 6 APPPATH\Controllers\User.php(187): view('admin/user_edit', [...])
 7 SYSTEMPATH\CodeIgniter.php(934): App\Controllers\User->editUser('15')
 8 SYSTEMPATH\CodeIgniter.php(499): CodeIgniter\CodeIgniter->runController(Object(App\Controllers\User))
 9 SYSTEMPATH\CodeIgniter.php(368): CodeIgniter\CodeIgniter->handleRequest(null, Object(Config\Cache), false)
10 FCPATH\index.php(67): CodeIgniter\CodeIgniter->run()
11 SYSTEMPATH\Commands\Server\rewrite.php(47): require_once('D:\\xampp\\htdocs\\sims4\\WEBSIMS\\public\\index.php')
INFO - 2024-12-20 12:47:35 --> Session: Class initialized using 'CodeIgniter\Session\Handlers\FileHandler' driver.
CRITICAL - 2024-12-20 12:48:03 --> Undefined variable $menu
in APPPATH\Views\templates\admin_dashboard.php on line 88.
 1 APPPATH\Views\templates\admin_dashboard.php(88): CodeIgniter\Debug\Exceptions->errorHandler(2, 'Undefined variable $menu', 'D:\\xampp\\htdocs\\sims4\\WEBSIMS\\app\\Views\\templates\\admin_dashboard.php', 88)
 2 SYSTEMPATH\View\View.php(213): include('D:\\xampp\\htdocs\\sims4\\WEBSIMS\\app\\Views\\templates\\admin_dashboard.php')
 3 SYSTEMPATH\View\View.php(216): CodeIgniter\View\View->CodeIgniter\View\{closure}()
 4 SYSTEMPATH\View\View.php(229): CodeIgniter\View\View->render('templates/admin_dashboard', [], true)
 5 SYSTEMPATH\Common.php(1184): CodeIgniter\View\View->render('admin/user_edit', [], true)
 6 APPPATH\Controllers\User.php(187): view('admin/user_edit', [...])
 7 SYSTEMPATH\CodeIgniter.php(934): App\Controllers\User->editUser('19')
 8 SYSTEMPATH\CodeIgniter.php(499): CodeIgniter\CodeIgniter->runController(Object(App\Controllers\User))
 9 SYSTEMPATH\CodeIgniter.php(368): CodeIgniter\CodeIgniter->handleRequest(null, Object(Config\Cache), false)
10 FCPATH\index.php(67): CodeIgniter\CodeIgniter->run()
11 SYSTEMPATH\Commands\Server\rewrite.php(47): require_once('D:\\xampp\\htdocs\\sims4\\WEBSIMS\\public\\index.php')
INFO - 2024-12-20 12:53:12 --> Session: Class initialized using 'CodeIgniter\Session\Handlers\FileHandler' driver.
CRITICAL - 2024-12-20 12:53:18 --> Too few arguments to function App\Controllers\User::deleteUser(), 0 passed in D:\xampp\htdocs\sims4\WEBSIMS\system\CodeIgniter.php on line 934 and exactly 1 expected
in APPPATH\Controllers\User.php on line 191.
 1 SYSTEMPATH\CodeIgniter.php(934): App\Controllers\User->deleteUser()
 2 SYSTEMPATH\CodeIgniter.php(499): CodeIgniter\CodeIgniter->runController(Object(App\Controllers\User))
 3 SYSTEMPATH\CodeIgniter.php(368): CodeIgniter\CodeIgniter->handleRequest(null, Object(Config\Cache), false)
 4 FCPATH\index.php(67): CodeIgniter\CodeIgniter->run()
 5 SYSTEMPATH\Commands\Server\rewrite.php(47): require_once('D:\\xampp\\htdocs\\sims4\\WEBSIMS\\public\\index.php')
INFO - 2024-12-20 12:55:45 --> Session: Class initialized using 'CodeIgniter\Session\Handlers\FileHandler' driver.
ERROR - 2024-12-20 12:55:55 --> mysqli_sql_exception: Table 'sims1.tbl_provinsi' doesn't exist in D:\xampp\htdocs\sims4\WEBSIMS\system\Database\MySQLi\Connection.php:295
Stack trace:
#0 D:\xampp\htdocs\sims4\WEBSIMS\system\Database\MySQLi\Connection.php(295): mysqli->query('SELECT *\nFROM `...', 0)
#1 D:\xampp\htdocs\sims4\WEBSIMS\system\Database\BaseConnection.php(691): CodeIgniter\Database\MySQLi\Connection->execute('SELECT *\nFROM `...')
#2 D:\xampp\htdocs\sims4\WEBSIMS\system\Database\BaseConnection.php(605): CodeIgniter\Database\BaseConnection->simpleQuery('SELECT *\nFROM `...')
#3 D:\xampp\htdocs\sims4\WEBSIMS\system\Database\BaseBuilder.php(1616): CodeIgniter\Database\BaseConnection->query('SELECT *\nFROM `...', Array, false)
#4 D:\xampp\htdocs\sims4\WEBSIMS\app\Models\M_Form.php(12): CodeIgniter\Database\BaseBuilder->get()
#5 D:\xampp\htdocs\sims4\WEBSIMS\app\Controllers\Payment.php(22): App\Models\M_Form->AllProvinsi()
#6 D:\xampp\htdocs\sims4\WEBSIMS\system\CodeIgniter.php(934): App\Controllers\Payment->index()
#7 D:\xampp\htdocs\sims4\WEBSIMS\system\CodeIgniter.php(499): CodeIgniter\CodeIgniter->runController(Object(App\Controllers\Payment))
#8 D:\xampp\htdocs\sims4\WEBSIMS\system\CodeIgniter.php(368): CodeIgniter\CodeIgniter->handleRequest(NULL, Object(Config\Cache), false)
#9 D:\xampp\htdocs\sims4\WEBSIMS\public\index.php(67): CodeIgniter\CodeIgniter->run()
#10 D:\xampp\htdocs\sims4\WEBSIMS\system\Commands\Server\rewrite.php(47): require_once('D:\\xampp\\htdocs...')
#11 {main}
CRITICAL - 2024-12-20 12:55:55 --> Table 'sims1.tbl_provinsi' doesn't exist
in SYSTEMPATH\Database\MySQLi\Connection.php on line 295.
 1 SYSTEMPATH\Database\MySQLi\Connection.php(295): mysqli->query('SELECT *
FROM `tbl_provinsi`', 0)
 2 SYSTEMPATH\Database\BaseConnection.php(691): CodeIgniter\Database\MySQLi\Connection->execute('SELECT *
FROM `tbl_provinsi`')
 3 SYSTEMPATH\Database\BaseConnection.php(605): CodeIgniter\Database\BaseConnection->simpleQuery('SELECT *
FROM `tbl_provinsi`')
 4 SYSTEMPATH\Database\BaseBuilder.php(1616): CodeIgniter\Database\BaseConnection->query('SELECT *
FROM `tbl_provinsi`', [], false)
 5 APPPATH\Models\M_Form.php(12): CodeIgniter\Database\BaseBuilder->get()
 6 APPPATH\Controllers\Payment.php(22): App\Models\M_Form->AllProvinsi()
 7 SYSTEMPATH\CodeIgniter.php(934): App\Controllers\Payment->index()
 8 SYSTEMPATH\CodeIgniter.php(499): CodeIgniter\CodeIgniter->runController(Object(App\Controllers\Payment))
 9 SYSTEMPATH\CodeIgniter.php(368): CodeIgniter\CodeIgniter->handleRequest(null, Object(Config\Cache), false)
10 FCPATH\index.php(67): CodeIgniter\CodeIgniter->run()
11 SYSTEMPATH\Commands\Server\rewrite.php(47): require_once('D:\\xampp\\htdocs\\sims4\\WEBSIMS\\public\\index.php')
INFO - 2024-12-20 13:06:12 --> Session: Class initialized using 'CodeIgniter\Session\Handlers\FileHandler' driver.
INFO - 2024-12-20 13:06:17 --> Session: Class initialized using 'CodeIgniter\Session\Handlers\FileHandler' driver.
INFO - 2024-12-20 13:06:21 --> Session: Class initialized using 'CodeIgniter\Session\Handlers\FileHandler' driver.
INFO - 2024-12-20 13:06:27 --> Session: Class initialized using 'CodeIgniter\Session\Handlers\FileHandler' driver.
INFO - 2024-12-20 13:06:45 --> Session: Class initialized using 'CodeIgniter\Session\Handlers\FileHandler' driver.
INFO - 2024-12-20 13:06:52 --> Session: Class initialized using 'CodeIgniter\Session\Handlers\FileHandler' driver.
INFO - 2024-12-20 13:06:56 --> Session: Class initialized using 'CodeIgniter\Session\Handlers\FileHandler' driver.
INFO - 2024-12-20 13:07:11 --> Session: Class initialized using 'CodeIgniter\Session\Handlers\FileHandler' driver.
INFO - 2024-12-20 13:07:15 --> Session: Class initialized using 'CodeIgniter\Session\Handlers\FileHandler' driver.
INFO - 2024-12-20 13:07:27 --> Session: Class initialized using 'CodeIgniter\Session\Handlers\FileHandler' driver.
INFO - 2024-12-20 13:07:34 --> Session: Class initialized using 'CodeIgniter\Session\Handlers\FileHandler' driver.
INFO - 2024-12-20 13:07:48 --> Session: Class initialized using 'CodeIgniter\Session\Handlers\FileHandler' driver.
INFO - 2024-12-20 13:07:52 --> Session: Class initialized using 'CodeIgniter\Session\Handlers\FileHandler' driver.
INFO - 2024-12-20 15:33:21 --> Session: Class initialized using 'CodeIgniter\Session\Handlers\FileHandler' driver.
INFO - 2024-12-20 15:33:21 --> Session: Class initialized using 'CodeIgniter\Session\Handlers\FileHandler' driver.
INFO - 2024-12-20 15:33:22 --> Session: Class initialized using 'CodeIgniter\Session\Handlers\FileHandler' driver.
INFO - 2024-12-20 15:33:22 --> Session: Class initialized using 'CodeIgniter\Session\Handlers\FileHandler' driver.
INFO - 2024-12-20 15:33:23 --> Session: Class initialized using 'CodeIgniter\Session\Handlers\FileHandler' driver.
INFO - 2024-12-20 15:33:28 --> Session: Class initialized using 'CodeIgniter\Session\Handlers\FileHandler' driver.
INFO - 2024-12-20 15:35:06 --> Session: Class initialized using 'CodeIgniter\Session\Handlers\FileHandler' driver.
INFO - 2024-12-20 15:40:48 --> Session: Class initialized using 'CodeIgniter\Session\Handlers\FileHandler' driver.
INFO - 2024-12-20 15:40:54 --> Session: Class initialized using 'CodeIgniter\Session\Handlers\FileHandler' driver.
INFO - 2024-12-20 15:41:09 --> Session: Class initialized using 'CodeIgniter\Session\Handlers\FileHandler' driver.
INFO - 2024-12-20 15:41:09 --> Session: Class initialized using 'CodeIgniter\Session\Handlers\FileHandler' driver.
INFO - 2024-12-20 15:42:00 --> Session: Class initialized using 'CodeIgniter\Session\Handlers\FileHandler' driver.
INFO - 2024-12-20 15:42:01 --> Session: Class initialized using 'CodeIgniter\Session\Handlers\FileHandler' driver.
INFO - 2024-12-20 15:42:16 --> Session: Class initialized using 'CodeIgniter\Session\Handlers\FileHandler' driver.
INFO - 2024-12-20 15:42:23 --> Session: Class initialized using 'CodeIgniter\Session\Handlers\FileHandler' driver.
CRITICAL - 2024-12-20 15:42:29 --> Undefined variable $menu
in APPPATH\Views\templates\admin_dashboard.php on line 88.
 1 APPPATH\Views\templates\admin_dashboard.php(88): CodeIgniter\Debug\Exceptions->errorHandler(2, 'Undefined variable $menu', 'D:\\xampp\\htdocs\\sims4\\WEBSIMS\\app\\Views\\templates\\admin_dashboard.php', 88)
 2 SYSTEMPATH\View\View.php(213): include('D:\\xampp\\htdocs\\sims4\\WEBSIMS\\app\\Views\\templates\\admin_dashboard.php')
 3 SYSTEMPATH\View\View.php(216): CodeIgniter\View\View->CodeIgniter\View\{closure}()
 4 SYSTEMPATH\View\View.php(229): CodeIgniter\View\View->render('templates/admin_dashboard', [], true)
 5 SYSTEMPATH\Common.php(1184): CodeIgniter\View\View->render('admin/user_edit', [], true)
 6 APPPATH\Controllers\User.php(164): view('admin/user_edit', [...])
 7 SYSTEMPATH\CodeIgniter.php(934): App\Controllers\User->editUser('21')
 8 SYSTEMPATH\CodeIgniter.php(499): CodeIgniter\CodeIgniter->runController(Object(App\Controllers\User))
 9 SYSTEMPATH\CodeIgniter.php(368): CodeIgniter\CodeIgniter->handleRequest(null, Object(Config\Cache), false)
10 FCPATH\index.php(67): CodeIgniter\CodeIgniter->run()
11 SYSTEMPATH\Commands\Server\rewrite.php(47): require_once('D:\\xampp\\htdocs\\sims4\\WEBSIMS\\public\\index.php')
INFO - 2024-12-20 15:42:38 --> Session: Class initialized using 'CodeIgniter\Session\Handlers\FileHandler' driver.
INFO - 2024-12-20 15:42:43 --> Session: Class initialized using 'CodeIgniter\Session\Handlers\FileHandler' driver.
CRITICAL - 2024-12-20 15:42:51 --> Too few arguments to function App\Controllers\User::deleteUser(), 0 passed in D:\xampp\htdocs\sims4\WEBSIMS\system\CodeIgniter.php on line 934 and exactly 1 expected
in APPPATH\Controllers\User.php on line 168.
 1 SYSTEMPATH\CodeIgniter.php(934): App\Controllers\User->deleteUser()
 2 SYSTEMPATH\CodeIgniter.php(499): CodeIgniter\CodeIgniter->runController(Object(App\Controllers\User))
 3 SYSTEMPATH\CodeIgniter.php(368): CodeIgniter\CodeIgniter->handleRequest(null, Object(Config\Cache), false)
 4 FCPATH\index.php(67): CodeIgniter\CodeIgniter->run()
 5 SYSTEMPATH\Commands\Server\rewrite.php(47): require_once('D:\\xampp\\htdocs\\sims4\\WEBSIMS\\public\\index.php')
CRITICAL - 2024-12-20 15:44:18 --> Too few arguments to function App\Controllers\User::deleteUser(), 0 passed in D:\xampp\htdocs\sims4\WEBSIMS\system\CodeIgniter.php on line 934 and exactly 1 expected
in APPPATH\Controllers\User.php on line 168.
 1 SYSTEMPATH\CodeIgniter.php(934): App\Controllers\User->deleteUser()
 2 SYSTEMPATH\CodeIgniter.php(499): CodeIgniter\CodeIgniter->runController(Object(App\Controllers\User))
 3 SYSTEMPATH\CodeIgniter.php(368): CodeIgniter\CodeIgniter->handleRequest(null, Object(Config\Cache), false)
 4 FCPATH\index.php(67): CodeIgniter\CodeIgniter->run()
 5 SYSTEMPATH\Commands\Server\rewrite.php(47): require_once('D:\\xampp\\htdocs\\sims4\\WEBSIMS\\public\\index.php')
INFO - 2024-12-20 15:44:34 --> Session: Class initialized using 'CodeIgniter\Session\Handlers\FileHandler' driver.
WARNING - 2024-12-20 15:44:34 --> [DEPRECATED] explode(): Passing null to parameter #2 ($string) of type string is deprecated in APPPATH\Views\layout\frontend_template.php on line 188.
 1 APPPATH\Views\layout\frontend_template.php(188): explode(' ', null)
 2 SYSTEMPATH\View\View.php(213): include('D:\\xampp\\htdocs\\sims4\\WEBSIMS\\app\\Views\\layout\\frontend_template.php')
 3 SYSTEMPATH\View\View.php(216): CodeIgniter\View\View->CodeIgniter\View\{closure}()
 4 SYSTEMPATH\View\View.php(229): CodeIgniter\View\View->render('layout/frontend_template', [], true)
 5 SYSTEMPATH\Common.php(1184): CodeIgniter\View\View->render('frontend_beranda', [], true)
 6 APPPATH\Controllers\Home.php(9): view('frontend_beranda')
 7 SYSTEMPATH\CodeIgniter.php(934): App\Controllers\Home->index()
 8 SYSTEMPATH\CodeIgniter.php(499): CodeIgniter\CodeIgniter->runController(Object(App\Controllers\Home))
 9 SYSTEMPATH\CodeIgniter.php(368): CodeIgniter\CodeIgniter->handleRequest(null, Object(Config\Cache), false)
10 FCPATH\index.php(67): CodeIgniter\CodeIgniter->run()
11 SYSTEMPATH\Commands\Server\rewrite.php(47): require_once('D:\\xampp\\htdocs\\sims4\\WEBSIMS\\public\\index.php')
INFO - 2024-12-20 15:44:40 --> Session: Class initialized using 'CodeIgniter\Session\Handlers\FileHandler' driver.
INFO - 2024-12-20 15:44:40 --> Session: Class initialized using 'CodeIgniter\Session\Handlers\FileHandler' driver.
INFO - 2024-12-20 15:44:58 --> Session: Class initialized using 'CodeIgniter\Session\Handlers\FileHandler' driver.
INFO - 2024-12-20 15:45:03 --> Session: Class initialized using 'CodeIgniter\Session\Handlers\FileHandler' driver.
CRITICAL - 2024-12-20 15:45:06 --> Undefined variable $menu
in APPPATH\Views\templates\admin_dashboard.php on line 88.
 1 APPPATH\Views\templates\admin_dashboard.php(88): CodeIgniter\Debug\Exceptions->errorHandler(2, 'Undefined variable $menu', 'D:\\xampp\\htdocs\\sims4\\WEBSIMS\\app\\Views\\templates\\admin_dashboard.php', 88)
 2 SYSTEMPATH\View\View.php(213): include('D:\\xampp\\htdocs\\sims4\\WEBSIMS\\app\\Views\\templates\\admin_dashboard.php')
 3 SYSTEMPATH\View\View.php(216): CodeIgniter\View\View->CodeIgniter\View\{closure}()
 4 SYSTEMPATH\View\View.php(229): CodeIgniter\View\View->render('templates/admin_dashboard', [], true)
 5 SYSTEMPATH\Common.php(1184): CodeIgniter\View\View->render('admin/user_create', [], true)
 6 APPPATH\Controllers\User.php(127): view('admin/user_create')
 7 SYSTEMPATH\CodeIgniter.php(934): App\Controllers\User->createUser()
 8 SYSTEMPATH\CodeIgniter.php(499): CodeIgniter\CodeIgniter->runController(Object(App\Controllers\User))
 9 SYSTEMPATH\CodeIgniter.php(368): CodeIgniter\CodeIgniter->handleRequest(null, Object(Config\Cache), false)
10 FCPATH\index.php(67): CodeIgniter\CodeIgniter->run()
11 SYSTEMPATH\Commands\Server\rewrite.php(47): require_once('D:\\xampp\\htdocs\\sims4\\WEBSIMS\\public\\index.php')
CRITICAL - 2024-12-20 15:55:29 --> Undefined variable $menu
in APPPATH\Views\templates\admin_dashboard.php on line 88.
 1 APPPATH\Views\templates\admin_dashboard.php(88): CodeIgniter\Debug\Exceptions->errorHandler(2, 'Undefined variable $menu', 'D:\\xampp\\htdocs\\sims4\\WEBSIMS\\app\\Views\\templates\\admin_dashboard.php', 88)
 2 SYSTEMPATH\View\View.php(213): include('D:\\xampp\\htdocs\\sims4\\WEBSIMS\\app\\Views\\templates\\admin_dashboard.php')
 3 SYSTEMPATH\View\View.php(216): CodeIgniter\View\View->CodeIgniter\View\{closure}()
 4 SYSTEMPATH\View\View.php(229): CodeIgniter\View\View->render('templates/admin_dashboard', [], true)
 5 SYSTEMPATH\Common.php(1184): CodeIgniter\View\View->render('admin/user_create', [], true)
 6 APPPATH\Controllers\User.php(127): view('admin/user_create')
 7 SYSTEMPATH\CodeIgniter.php(934): App\Controllers\User->createUser()
 8 SYSTEMPATH\CodeIgniter.php(499): CodeIgniter\CodeIgniter->runController(Object(App\Controllers\User))
 9 SYSTEMPATH\CodeIgniter.php(368): CodeIgniter\CodeIgniter->handleRequest(null, Object(Config\Cache), false)
10 FCPATH\index.php(67): CodeIgniter\CodeIgniter->run()
11 SYSTEMPATH\Commands\Server\rewrite.php(47): require_once('D:\\xampp\\htdocs\\sims4\\WEBSIMS\\public\\index.php')
INFO - 2024-12-20 15:58:29 --> Session: Class initialized using 'CodeIgniter\Session\Handlers\FileHandler' driver.
INFO - 2024-12-20 15:58:33 --> Session: Class initialized using 'CodeIgniter\Session\Handlers\FileHandler' driver.
INFO - 2024-12-20 15:58:36 --> Session: Class initialized using 'CodeIgniter\Session\Handlers\FileHandler' driver.
INFO - 2024-12-20 15:59:37 --> Session: Class initialized using 'CodeIgniter\Session\Handlers\FileHandler' driver.
INFO - 2024-12-20 15:59:47 --> Session: Class initialized using 'CodeIgniter\Session\Handlers\FileHandler' driver.
CRITICAL - 2024-12-20 15:59:51 --> Too few arguments to function App\Controllers\User::deleteUser(), 0 passed in D:\xampp\htdocs\sims4\WEBSIMS\system\CodeIgniter.php on line 934 and exactly 1 expected
in APPPATH\Controllers\User.php on line 168.
 1 SYSTEMPATH\CodeIgniter.php(934): App\Controllers\User->deleteUser()
 2 SYSTEMPATH\CodeIgniter.php(499): CodeIgniter\CodeIgniter->runController(Object(App\Controllers\User))
 3 SYSTEMPATH\CodeIgniter.php(368): CodeIgniter\CodeIgniter->handleRequest(null, Object(Config\Cache), false)
 4 FCPATH\index.php(67): CodeIgniter\CodeIgniter->run()
 5 SYSTEMPATH\Commands\Server\rewrite.php(47): require_once('D:\\xampp\\htdocs\\sims4\\WEBSIMS\\public\\index.php')
INFO - 2024-12-20 15:59:54 --> Session: Class initialized using 'CodeIgniter\Session\Handlers\FileHandler' driver.
INFO - 2024-12-20 16:00:06 --> Session: Class initialized using 'CodeIgniter\Session\Handlers\FileHandler' driver.
INFO - 2024-12-20 16:00:40 --> Session: Class initialized using 'CodeIgniter\Session\Handlers\FileHandler' driver.
INFO - 2024-12-20 16:01:05 --> Session: Class initialized using 'CodeIgniter\Session\Handlers\FileHandler' driver.
INFO - 2024-12-20 16:01:08 --> Session: Class initialized using 'CodeIgniter\Session\Handlers\FileHandler' driver.
INFO - 2024-12-20 16:02:28 --> Session: Class initialized using 'CodeIgniter\Session\Handlers\FileHandler' driver.
INFO - 2024-12-20 16:06:30 --> Session: Class initialized using 'CodeIgniter\Session\Handlers\FileHandler' driver.
INFO - 2024-12-20 16:07:24 --> Session: Class initialized using 'CodeIgniter\Session\Handlers\FileHandler' driver.
INFO - 2024-12-20 16:07:27 --> Session: Class initialized using 'CodeIgniter\Session\Handlers\FileHandler' driver.
INFO - 2024-12-20 16:07:30 --> Session: Class initialized using 'CodeIgniter\Session\Handlers\FileHandler' driver.
INFO - 2024-12-20 16:07:34 --> Session: Class initialized using 'CodeIgniter\Session\Handlers\FileHandler' driver.
WARNING - 2024-12-20 16:07:34 --> [DEPRECATED] explode(): Passing null to parameter #2 ($string) of type string is deprecated in APPPATH\Views\layout\frontend_template.php on line 188.
 1 APPPATH\Views\layout\frontend_template.php(188): explode(' ', null)
 2 SYSTEMPATH\View\View.php(213): include('D:\\xampp\\htdocs\\sims4\\WEBSIMS\\app\\Views\\layout\\frontend_template.php')
 3 SYSTEMPATH\View\View.php(216): CodeIgniter\View\View->CodeIgniter\View\{closure}()
 4 SYSTEMPATH\View\View.php(229): CodeIgniter\View\View->render('layout/frontend_template', [], true)
 5 SYSTEMPATH\Common.php(1184): CodeIgniter\View\View->render('frontend_beranda', [], true)
 6 APPPATH\Controllers\Home.php(9): view('frontend_beranda')
 7 SYSTEMPATH\CodeIgniter.php(934): App\Controllers\Home->index()
 8 SYSTEMPATH\CodeIgniter.php(499): CodeIgniter\CodeIgniter->runController(Object(App\Controllers\Home))
 9 SYSTEMPATH\CodeIgniter.php(368): CodeIgniter\CodeIgniter->handleRequest(null, Object(Config\Cache), false)
10 FCPATH\index.php(67): CodeIgniter\CodeIgniter->run()
11 SYSTEMPATH\Commands\Server\rewrite.php(47): require_once('D:\\xampp\\htdocs\\sims4\\WEBSIMS\\public\\index.php')
INFO - 2024-12-20 16:07:38 --> Session: Class initialized using 'CodeIgniter\Session\Handlers\FileHandler' driver.
INFO - 2024-12-20 16:07:38 --> Session: Class initialized using 'CodeIgniter\Session\Handlers\FileHandler' driver.
INFO - 2024-12-20 16:07:48 --> Session: Class initialized using 'CodeIgniter\Session\Handlers\FileHandler' driver.
INFO - 2024-12-20 16:07:53 --> Session: Class initialized using 'CodeIgniter\Session\Handlers\FileHandler' driver.
INFO - 2024-12-20 16:12:58 --> Session: Class initialized using 'CodeIgniter\Session\Handlers\FileHandler' driver.
INFO - 2024-12-20 16:13:23 --> Session: Class initialized using 'CodeIgniter\Session\Handlers\FileHandler' driver.
INFO - 2024-12-20 16:13:23 --> Session: Class initialized using 'CodeIgniter\Session\Handlers\FileHandler' driver.
INFO - 2024-12-20 16:13:29 --> Session: Class initialized using 'CodeIgniter\Session\Handlers\FileHandler' driver.
INFO - 2024-12-20 16:13:41 --> Session: Class initialized using 'CodeIgniter\Session\Handlers\FileHandler' driver.
INFO - 2024-12-20 16:13:41 --> Session: Class initialized using 'CodeIgniter\Session\Handlers\FileHandler' driver.
INFO - 2024-12-20 16:16:36 --> Session: Class initialized using 'CodeIgniter\Session\Handlers\FileHandler' driver.
INFO - 2024-12-20 16:16:40 --> Session: Class initialized using 'CodeIgniter\Session\Handlers\FileHandler' driver.
INFO - 2024-12-20 16:16:50 --> Session: Class initialized using 'CodeIgniter\Session\Handlers\FileHandler' driver.
INFO - 2024-12-20 16:16:51 --> Session: Class initialized using 'CodeIgniter\Session\Handlers\FileHandler' driver.
INFO - 2024-12-20 16:17:19 --> Session: Class initialized using 'CodeIgniter\Session\Handlers\FileHandler' driver.
INFO - 2024-12-20 16:17:19 --> Session: Class initialized using 'CodeIgniter\Session\Handlers\FileHandler' driver.
INFO - 2024-12-20 16:17:36 --> Session: Class initialized using 'CodeIgniter\Session\Handlers\FileHandler' driver.
INFO - 2024-12-20 16:17:49 --> Session: Class initialized using 'CodeIgniter\Session\Handlers\FileHandler' driver.
INFO - 2024-12-20 16:17:54 --> Session: Class initialized using 'CodeIgniter\Session\Handlers\FileHandler' driver.
INFO - 2024-12-20 16:18:08 --> Session: Class initialized using 'CodeIgniter\Session\Handlers\FileHandler' driver.
INFO - 2024-12-20 16:18:25 --> Session: Class initialized using 'CodeIgniter\Session\Handlers\FileHandler' driver.
INFO - 2024-12-20 16:18:25 --> Session: Class initialized using 'CodeIgniter\Session\Handlers\FileHandler' driver.
INFO - 2024-12-20 16:18:59 --> Session: Class initialized using 'CodeIgniter\Session\Handlers\FileHandler' driver.
CRITICAL - 2024-12-20 16:19:08 --> Too few arguments to function App\Controllers\User::deleteUser(), 0 passed in D:\xampp\htdocs\sims4\WEBSIMS\system\CodeIgniter.php on line 934 and exactly 1 expected
in APPPATH\Controllers\User.php on line 191.
 1 SYSTEMPATH\CodeIgniter.php(934): App\Controllers\User->deleteUser()
 2 SYSTEMPATH\CodeIgniter.php(499): CodeIgniter\CodeIgniter->runController(Object(App\Controllers\User))
 3 SYSTEMPATH\CodeIgniter.php(368): CodeIgniter\CodeIgniter->handleRequest(null, Object(Config\Cache), false)
 4 FCPATH\index.php(67): CodeIgniter\CodeIgniter->run()
 5 SYSTEMPATH\Commands\Server\rewrite.php(47): require_once('D:\\xampp\\htdocs\\sims4\\WEBSIMS\\public\\index.php')
INFO - 2024-12-20 16:19:55 --> Session: Class initialized using 'CodeIgniter\Session\Handlers\FileHandler' driver.
INFO - 2024-12-20 16:20:08 --> Session: Class initialized using 'CodeIgniter\Session\Handlers\FileHandler' driver.
INFO - 2024-12-20 16:20:09 --> Session: Class initialized using 'CodeIgniter\Session\Handlers\FileHandler' driver.
CRITICAL - 2024-12-20 16:20:15 --> Too few arguments to function App\Controllers\User::deleteUser(), 0 passed in D:\xampp\htdocs\sims4\WEBSIMS\system\CodeIgniter.php on line 934 and exactly 1 expected
in APPPATH\Controllers\User.php on line 191.
 1 SYSTEMPATH\CodeIgniter.php(934): App\Controllers\User->deleteUser()
 2 SYSTEMPATH\CodeIgniter.php(499): CodeIgniter\CodeIgniter->runController(Object(App\Controllers\User))
 3 SYSTEMPATH\CodeIgniter.php(368): CodeIgniter\CodeIgniter->handleRequest(null, Object(Config\Cache), false)
 4 FCPATH\index.php(67): CodeIgniter\CodeIgniter->run()
 5 SYSTEMPATH\Commands\Server\rewrite.php(47): require_once('D:\\xampp\\htdocs\\sims4\\WEBSIMS\\public\\index.php')
INFO - 2024-12-20 16:27:23 --> Session: Class initialized using 'CodeIgniter\Session\Handlers\FileHandler' driver.
INFO - 2024-12-20 16:28:02 --> Session: Class initialized using 'CodeIgniter\Session\Handlers\FileHandler' driver.
INFO - 2024-12-20 16:28:04 --> Session: Class initialized using 'CodeIgniter\Session\Handlers\FileHandler' driver.
INFO - 2024-12-20 16:28:23 --> Session: Class initialized using 'CodeIgniter\Session\Handlers\FileHandler' driver.
INFO - 2024-12-20 16:29:01 --> Session: Class initialized using 'CodeIgniter\Session\Handlers\FileHandler' driver.
INFO - 2024-12-20 16:29:04 --> Session: Class initialized using 'CodeIgniter\Session\Handlers\FileHandler' driver.
INFO - 2024-12-20 16:30:13 --> Session: Class initialized using 'CodeIgniter\Session\Handlers\FileHandler' driver.
INFO - 2024-12-20 16:30:17 --> Session: Class initialized using 'CodeIgniter\Session\Handlers\FileHandler' driver.
INFO - 2024-12-20 16:31:08 --> Session: Class initialized using 'CodeIgniter\Session\Handlers\FileHandler' driver.
CRITICAL - 2024-12-20 16:31:08 --> Attempt to read property "id" on array
in APPPATH\Views\admin\user_list.php on line 29.
 1 APPPATH\Views\admin\user_list.php(29): CodeIgniter\Debug\Exceptions->errorHandler(2, 'Attempt to read property "id" on array', 'D:\\xampp\\htdocs\\sims4\\WEBSIMS\\app\\Views\\admin\\user_list.php', 29)
 2 SYSTEMPATH\View\View.php(213): include('D:\\xampp\\htdocs\\sims4\\WEBSIMS\\app\\Views\\admin\\user_list.php')
 3 SYSTEMPATH\View\View.php(216): CodeIgniter\View\View->CodeIgniter\View\{closure}()
 4 SYSTEMPATH\Common.php(1184): CodeIgniter\View\View->render('admin/user_list', [], true)
 5 APPPATH\Controllers\User.php(126): view('admin/user_list', [...])
 6 SYSTEMPATH\CodeIgniter.php(934): App\Controllers\User->listUsers()
 7 SYSTEMPATH\CodeIgniter.php(499): CodeIgniter\CodeIgniter->runController(Object(App\Controllers\User))
 8 SYSTEMPATH\CodeIgniter.php(368): CodeIgniter\CodeIgniter->handleRequest(null, Object(Config\Cache), false)
 9 FCPATH\index.php(67): CodeIgniter\CodeIgniter->run()
10 SYSTEMPATH\Commands\Server\rewrite.php(47): require_once('D:\\xampp\\htdocs\\sims4\\WEBSIMS\\public\\index.php')
INFO - 2024-12-20 16:31:15 --> Session: Class initialized using 'CodeIgniter\Session\Handlers\FileHandler' driver.
CRITICAL - 2024-12-20 16:31:15 --> Attempt to read property "id" on array
in APPPATH\Views\admin\user_list.php on line 29.
 1 APPPATH\Views\admin\user_list.php(29): CodeIgniter\Debug\Exceptions->errorHandler(2, 'Attempt to read property "id" on array', 'D:\\xampp\\htdocs\\sims4\\WEBSIMS\\app\\Views\\admin\\user_list.php', 29)
 2 SYSTEMPATH\View\View.php(213): include('D:\\xampp\\htdocs\\sims4\\WEBSIMS\\app\\Views\\admin\\user_list.php')
 3 SYSTEMPATH\View\View.php(216): CodeIgniter\View\View->CodeIgniter\View\{closure}()
 4 SYSTEMPATH\Common.php(1184): CodeIgniter\View\View->render('admin/user_list', [], true)
 5 APPPATH\Controllers\User.php(126): view('admin/user_list', [...])
 6 SYSTEMPATH\CodeIgniter.php(934): App\Controllers\User->listUsers()
 7 SYSTEMPATH\CodeIgniter.php(499): CodeIgniter\CodeIgniter->runController(Object(App\Controllers\User))
 8 SYSTEMPATH\CodeIgniter.php(368): CodeIgniter\CodeIgniter->handleRequest(null, Object(Config\Cache), false)
 9 FCPATH\index.php(67): CodeIgniter\CodeIgniter->run()
10 SYSTEMPATH\Commands\Server\rewrite.php(47): require_once('D:\\xampp\\htdocs\\sims4\\WEBSIMS\\public\\index.php')
INFO - 2024-12-20 16:31:35 --> Session: Class initialized using 'CodeIgniter\Session\Handlers\FileHandler' driver.
INFO - 2024-12-20 16:31:37 --> Session: Class initialized using 'CodeIgniter\Session\Handlers\FileHandler' driver.
INFO - 2024-12-20 16:31:44 --> Session: Class initialized using 'CodeIgniter\Session\Handlers\FileHandler' driver.
INFO - 2024-12-20 16:32:55 --> Session: Class initialized using 'CodeIgniter\Session\Handlers\FileHandler' driver.
INFO - 2024-12-20 16:32:57 --> Session: Class initialized using 'CodeIgniter\Session\Handlers\FileHandler' driver.
INFO - 2024-12-20 16:35:56 --> Session: Class initialized using 'CodeIgniter\Session\Handlers\FileHandler' driver.
WARNING - 2024-12-20 16:35:56 --> [DEPRECATED] explode(): Passing null to parameter #2 ($string) of type string is deprecated in APPPATH\Views\layout\frontend_template.php on line 188.
 1 APPPATH\Views\layout\frontend_template.php(188): explode(' ', null)
 2 SYSTEMPATH\View\View.php(213): include('D:\\xampp\\htdocs\\sims4\\WEBSIMS\\app\\Views\\layout\\frontend_template.php')
 3 SYSTEMPATH\View\View.php(216): CodeIgniter\View\View->CodeIgniter\View\{closure}()
 4 SYSTEMPATH\View\View.php(229): CodeIgniter\View\View->render('layout/frontend_template', [], true)
 5 SYSTEMPATH\Common.php(1184): CodeIgniter\View\View->render('frontend_beranda', [], true)
 6 APPPATH\Controllers\Home.php(9): view('frontend_beranda')
 7 SYSTEMPATH\CodeIgniter.php(934): App\Controllers\Home->index()
 8 SYSTEMPATH\CodeIgniter.php(499): CodeIgniter\CodeIgniter->runController(Object(App\Controllers\Home))
 9 SYSTEMPATH\CodeIgniter.php(368): CodeIgniter\CodeIgniter->handleRequest(null, Object(Config\Cache), false)
10 FCPATH\index.php(67): CodeIgniter\CodeIgniter->run()
11 SYSTEMPATH\Commands\Server\rewrite.php(47): require_once('D:\\xampp\\htdocs\\sims4\\WEBSIMS\\public\\index.php')
INFO - 2024-12-20 16:35:57 --> Session: Class initialized using 'CodeIgniter\Session\Handlers\FileHandler' driver.
WARNING - 2024-12-20 16:35:57 --> [DEPRECATED] explode(): Passing null to parameter #2 ($string) of type string is deprecated in APPPATH\Views\layout\frontend_template.php on line 188.
 1 APPPATH\Views\layout\frontend_template.php(188): explode(' ', null)
 2 SYSTEMPATH\View\View.php(213): include('D:\\xampp\\htdocs\\sims4\\WEBSIMS\\app\\Views\\layout\\frontend_template.php')
 3 SYSTEMPATH\View\View.php(216): CodeIgniter\View\View->CodeIgniter\View\{closure}()
 4 SYSTEMPATH\View\View.php(229): CodeIgniter\View\View->render('layout/frontend_template', [], true)
 5 SYSTEMPATH\Common.php(1184): CodeIgniter\View\View->render('frontend_beranda', [], true)
 6 APPPATH\Controllers\Home.php(9): view('frontend_beranda')
 7 SYSTEMPATH\CodeIgniter.php(934): App\Controllers\Home->index()
 8 SYSTEMPATH\CodeIgniter.php(499): CodeIgniter\CodeIgniter->runController(Object(App\Controllers\Home))
 9 SYSTEMPATH\CodeIgniter.php(368): CodeIgniter\CodeIgniter->handleRequest(null, Object(Config\Cache), false)
10 FCPATH\index.php(67): CodeIgniter\CodeIgniter->run()
11 SYSTEMPATH\Commands\Server\rewrite.php(47): require_once('D:\\xampp\\htdocs\\sims4\\WEBSIMS\\public\\index.php')
INFO - 2024-12-20 16:36:04 --> Session: Class initialized using 'CodeIgniter\Session\Handlers\FileHandler' driver.
WARNING - 2024-12-20 16:36:05 --> [DEPRECATED] explode(): Passing null to parameter #2 ($string) of type string is deprecated in APPPATH\Views\layout\frontend_template.php on line 188.
 1 APPPATH\Views\layout\frontend_template.php(188): explode(' ', null)
 2 SYSTEMPATH\View\View.php(213): include('D:\\xampp\\htdocs\\sims4\\WEBSIMS\\app\\Views\\layout\\frontend_template.php')
 3 SYSTEMPATH\View\View.php(216): CodeIgniter\View\View->CodeIgniter\View\{closure}()
 4 SYSTEMPATH\View\View.php(229): CodeIgniter\View\View->render('layout/frontend_template', [], true)
 5 SYSTEMPATH\Common.php(1184): CodeIgniter\View\View->render('frontend_services', [], true)
 6 APPPATH\Controllers\Service.php(12): view('frontend_services', [...])
 7 SYSTEMPATH\CodeIgniter.php(934): App\Controllers\Service->service()
 8 SYSTEMPATH\CodeIgniter.php(499): CodeIgniter\CodeIgniter->runController(Object(App\Controllers\Service))
 9 SYSTEMPATH\CodeIgniter.php(368): CodeIgniter\CodeIgniter->handleRequest(null, Object(Config\Cache), false)
10 FCPATH\index.php(67): CodeIgniter\CodeIgniter->run()
11 SYSTEMPATH\Commands\Server\rewrite.php(47): require_once('D:\\xampp\\htdocs\\sims4\\WEBSIMS\\public\\index.php')
INFO - 2024-12-20 16:36:09 --> Session: Class initialized using 'CodeIgniter\Session\Handlers\FileHandler' driver.
INFO - 2024-12-20 16:36:10 --> Session: Class initialized using 'CodeIgniter\Session\Handlers\FileHandler' driver.
WARNING - 2024-12-20 16:36:10 --> [DEPRECATED] explode(): Passing null to parameter #2 ($string) of type string is deprecated in APPPATH\Views\layout\frontend_template.php on line 188.
 1 APPPATH\Views\layout\frontend_template.php(188): explode(' ', null)
 2 SYSTEMPATH\View\View.php(213): include('D:\\xampp\\htdocs\\sims4\\WEBSIMS\\app\\Views\\layout\\frontend_template.php')
 3 SYSTEMPATH\View\View.php(216): CodeIgniter\View\View->CodeIgniter\View\{closure}()
 4 SYSTEMPATH\View\View.php(229): CodeIgniter\View\View->render('layout/frontend_template', [], true)
 5 SYSTEMPATH\Common.php(1184): CodeIgniter\View\View->render('pendaftaran_anggota', [], true)
 6 APPPATH\Controllers\PendaftaranAnggota.php(33): view('pendaftaran_anggota', [...])
 7 SYSTEMPATH\CodeIgniter.php(934): App\Controllers\PendaftaranAnggota->index()
 8 SYSTEMPATH\CodeIgniter.php(499): CodeIgniter\CodeIgniter->runController(Object(App\Controllers\PendaftaranAnggota))
 9 SYSTEMPATH\CodeIgniter.php(368): CodeIgniter\CodeIgniter->handleRequest(null, Object(Config\Cache), false)
10 FCPATH\index.php(67): CodeIgniter\CodeIgniter->run()
11 SYSTEMPATH\Commands\Server\rewrite.php(47): require_once('D:\\xampp\\htdocs\\sims4\\WEBSIMS\\public\\index.php')
INFO - 2024-12-20 16:36:10 --> Session: Class initialized using 'CodeIgniter\Session\Handlers\FileHandler' driver.
WARNING - 2024-12-20 16:36:10 --> [DEPRECATED] explode(): Passing null to parameter #2 ($string) of type string is deprecated in APPPATH\Views\layout\frontend_template.php on line 188.
 1 APPPATH\Views\layout\frontend_template.php(188): explode(' ', null)
 2 SYSTEMPATH\View\View.php(213): include('D:\\xampp\\htdocs\\sims4\\WEBSIMS\\app\\Views\\layout\\frontend_template.php')
 3 SYSTEMPATH\View\View.php(216): CodeIgniter\View\View->CodeIgniter\View\{closure}()
 4 SYSTEMPATH\View\View.php(229): CodeIgniter\View\View->render('layout/frontend_template', [], true)
 5 SYSTEMPATH\Common.php(1184): CodeIgniter\View\View->render('pendaftaran_anggota', [], true)
 6 APPPATH\Controllers\PendaftaranAnggota.php(33): view('pendaftaran_anggota', [...])
 7 SYSTEMPATH\CodeIgniter.php(934): App\Controllers\PendaftaranAnggota->index()
 8 SYSTEMPATH\CodeIgniter.php(499): CodeIgniter\CodeIgniter->runController(Object(App\Controllers\PendaftaranAnggota))
 9 SYSTEMPATH\CodeIgniter.php(368): CodeIgniter\CodeIgniter->handleRequest(null, Object(Config\Cache), false)
10 FCPATH\index.php(67): CodeIgniter\CodeIgniter->run()
11 SYSTEMPATH\Commands\Server\rewrite.php(47): require_once('D:\\xampp\\htdocs\\sims4\\WEBSIMS\\public\\index.php')
INFO - 2024-12-20 16:36:15 --> Session: Class initialized using 'CodeIgniter\Session\Handlers\FileHandler' driver.
WARNING - 2024-12-20 16:36:15 --> [DEPRECATED] explode(): Passing null to parameter #2 ($string) of type string is deprecated in APPPATH\Views\layout\frontend_template.php on line 188.
 1 APPPATH\Views\layout\frontend_template.php(188): explode(' ', null)
 2 SYSTEMPATH\View\View.php(213): include('D:\\xampp\\htdocs\\sims4\\WEBSIMS\\app\\Views\\layout\\frontend_template.php')
 3 SYSTEMPATH\View\View.php(216): CodeIgniter\View\View->CodeIgniter\View\{closure}()
 4 SYSTEMPATH\View\View.php(229): CodeIgniter\View\View->render('layout/frontend_template', [], true)
 5 SYSTEMPATH\Common.php(1184): CodeIgniter\View\View->render('frontend_services', [], true)
 6 APPPATH\Controllers\Service.php(12): view('frontend_services', [...])
 7 SYSTEMPATH\CodeIgniter.php(934): App\Controllers\Service->service()
 8 SYSTEMPATH\CodeIgniter.php(499): CodeIgniter\CodeIgniter->runController(Object(App\Controllers\Service))
 9 SYSTEMPATH\CodeIgniter.php(368): CodeIgniter\CodeIgniter->handleRequest(null, Object(Config\Cache), false)
10 FCPATH\index.php(67): CodeIgniter\CodeIgniter->run()
11 SYSTEMPATH\Commands\Server\rewrite.php(47): require_once('D:\\xampp\\htdocs\\sims4\\WEBSIMS\\public\\index.php')
INFO - 2024-12-20 16:36:32 --> Session: Class initialized using 'CodeIgniter\Session\Handlers\FileHandler' driver.
INFO - 2024-12-20 16:36:39 --> Session: Class initialized using 'CodeIgniter\Session\Handlers\FileHandler' driver.
INFO - 2024-12-20 16:36:58 --> Session: Class initialized using 'CodeIgniter\Session\Handlers\FileHandler' driver.
INFO - 2024-12-20 16:37:02 --> Session: Class initialized using 'CodeIgniter\Session\Handlers\FileHandler' driver.
INFO - 2024-12-20 16:37:03 --> Session: Class initialized using 'CodeIgniter\Session\Handlers\FileHandler' driver.
INFO - 2024-12-20 16:41:29 --> Session: Class initialized using 'CodeIgniter\Session\Handlers\FileHandler' driver.
INFO - 2024-12-20 16:41:29 --> Session: Class initialized using 'CodeIgniter\Session\Handlers\FileHandler' driver.
INFO - 2024-12-20 16:52:14 --> Session: Class initialized using 'CodeIgniter\Session\Handlers\FileHandler' driver.
INFO - 2024-12-20 16:53:32 --> Session: Class initialized using 'CodeIgniter\Session\Handlers\FileHandler' driver.
INFO - 2024-12-20 16:53:35 --> Session: Class initialized using 'CodeIgniter\Session\Handlers\FileHandler' driver.
INFO - 2024-12-20 16:53:44 --> Session: Class initialized using 'CodeIgniter\Session\Handlers\FileHandler' driver.
INFO - 2024-12-20 16:53:49 --> Session: Class initialized using 'CodeIgniter\Session\Handlers\FileHandler' driver.
INFO - 2024-12-20 16:59:57 --> Session: Class initialized using 'CodeIgniter\Session\Handlers\FileHandler' driver.
INFO - 2024-12-20 17:00:01 --> Session: Class initialized using 'CodeIgniter\Session\Handlers\FileHandler' driver.
INFO - 2024-12-20 17:00:07 --> Session: Class initialized using 'CodeIgniter\Session\Handlers\FileHandler' driver.
INFO - 2024-12-20 17:03:43 --> Session: Class initialized using 'CodeIgniter\Session\Handlers\FileHandler' driver.
INFO - 2024-12-20 17:05:08 --> Session: Class initialized using 'CodeIgniter\Session\Handlers\FileHandler' driver.
INFO - 2024-12-20 17:05:10 --> Session: Class initialized using 'CodeIgniter\Session\Handlers\FileHandler' driver.
INFO - 2024-12-20 17:05:59 --> Session: Class initialized using 'CodeIgniter\Session\Handlers\FileHandler' driver.
INFO - 2024-12-20 17:05:59 --> Session: Class initialized using 'CodeIgniter\Session\Handlers\FileHandler' driver.
INFO - 2024-12-20 17:06:13 --> Session: Class initialized using 'CodeIgniter\Session\Handlers\FileHandler' driver.
CRITICAL - 2024-12-20 17:06:22 --> unlink(Media 3.png): No such file or directory
in APPPATH\Controllers\BlogController.php on line 133.
 1 [internal function]: CodeIgniter\Debug\Exceptions->errorHandler(2, 'unlink(Media 3.png): No such file or directory', 'D:\\xampp\\htdocs\\sims4\\WEBSIMS\\app\\Controllers\\BlogController.php', 133)
 2 APPPATH\Controllers\BlogController.php(133): unlink('Media 3.png')
 3 SYSTEMPATH\CodeIgniter.php(934): App\Controllers\BlogController->update('3')
 4 SYSTEMPATH\CodeIgniter.php(499): CodeIgniter\CodeIgniter->runController(Object(App\Controllers\BlogController))
 5 SYSTEMPATH\CodeIgniter.php(368): CodeIgniter\CodeIgniter->handleRequest(null, Object(Config\Cache), false)
 6 FCPATH\index.php(67): CodeIgniter\CodeIgniter->run()
 7 SYSTEMPATH\Commands\Server\rewrite.php(47): require_once('D:\\xampp\\htdocs\\sims4\\WEBSIMS\\public\\index.php')
INFO - 2024-12-20 17:06:30 --> Session: Class initialized using 'CodeIgniter\Session\Handlers\FileHandler' driver.
INFO - 2024-12-20 17:06:34 --> Session: Class initialized using 'CodeIgniter\Session\Handlers\FileHandler' driver.
INFO - 2024-12-20 17:06:35 --> Session: Class initialized using 'CodeIgniter\Session\Handlers\FileHandler' driver.
INFO - 2024-12-20 17:06:38 --> Session: Class initialized using 'CodeIgniter\Session\Handlers\FileHandler' driver.
INFO - 2024-12-20 17:06:38 --> Session: Class initialized using 'CodeIgniter\Session\Handlers\FileHandler' driver.
INFO - 2024-12-20 17:06:41 --> Session: Class initialized using 'CodeIgniter\Session\Handlers\FileHandler' driver.
INFO - 2024-12-20 17:06:42 --> Session: Class initialized using 'CodeIgniter\Session\Handlers\FileHandler' driver.
INFO - 2024-12-20 17:06:43 --> Session: Class initialized using 'CodeIgniter\Session\Handlers\FileHandler' driver.
INFO - 2024-12-20 17:07:00 --> Session: Class initialized using 'CodeIgniter\Session\Handlers\FileHandler' driver.
INFO - 2024-12-20 17:07:00 --> Session: Class initialized using 'CodeIgniter\Session\Handlers\FileHandler' driver.
INFO - 2024-12-20 17:07:05 --> Session: Class initialized using 'CodeIgniter\Session\Handlers\FileHandler' driver.
WARNING - 2024-12-20 17:07:05 --> [DEPRECATED] explode(): Passing null to parameter #2 ($string) of type string is deprecated in APPPATH\Views\layout\frontend_template.php on line 188.
 1 APPPATH\Views\layout\frontend_template.php(188): explode(' ', null)
 2 SYSTEMPATH\View\View.php(213): include('D:\\xampp\\htdocs\\sims4\\WEBSIMS\\app\\Views\\layout\\frontend_template.php')
 3 SYSTEMPATH\View\View.php(216): CodeIgniter\View\View->CodeIgniter\View\{closure}()
 4 SYSTEMPATH\View\View.php(229): CodeIgniter\View\View->render('layout/frontend_template', [], true)
 5 SYSTEMPATH\Common.php(1184): CodeIgniter\View\View->render('frontend_beranda', [], true)
 6 APPPATH\Controllers\Home.php(9): view('frontend_beranda')
 7 SYSTEMPATH\CodeIgniter.php(934): App\Controllers\Home->index()
 8 SYSTEMPATH\CodeIgniter.php(499): CodeIgniter\CodeIgniter->runController(Object(App\Controllers\Home))
 9 SYSTEMPATH\CodeIgniter.php(368): CodeIgniter\CodeIgniter->handleRequest(null, Object(Config\Cache), false)
10 FCPATH\index.php(67): CodeIgniter\CodeIgniter->run()
11 SYSTEMPATH\Commands\Server\rewrite.php(47): require_once('D:\\xampp\\htdocs\\sims4\\WEBSIMS\\public\\index.php')
INFO - 2024-12-20 17:07:09 --> Session: Class initialized using 'CodeIgniter\Session\Handlers\FileHandler' driver.
WARNING - 2024-12-20 17:07:09 --> [DEPRECATED] explode(): Passing null to parameter #2 ($string) of type string is deprecated in APPPATH\Views\layout\frontend_template.php on line 188.
 1 APPPATH\Views\layout\frontend_template.php(188): explode(' ', null)
 2 SYSTEMPATH\View\View.php(213): include('D:\\xampp\\htdocs\\sims4\\WEBSIMS\\app\\Views\\layout\\frontend_template.php')
 3 SYSTEMPATH\View\View.php(216): CodeIgniter\View\View->CodeIgniter\View\{closure}()
 4 SYSTEMPATH\View\View.php(229): CodeIgniter\View\View->render('layout/frontend_template', [], true)
 5 SYSTEMPATH\Common.php(1184): CodeIgniter\View\View->render('frontend_blog', [], true)
 6 APPPATH\Controllers\BlogController.php(18): view('frontend_blog', [...])
 7 SYSTEMPATH\CodeIgniter.php(934): App\Controllers\BlogController->index()
 8 SYSTEMPATH\CodeIgniter.php(499): CodeIgniter\CodeIgniter->runController(Object(App\Controllers\BlogController))
 9 SYSTEMPATH\CodeIgniter.php(368): CodeIgniter\CodeIgniter->handleRequest(null, Object(Config\Cache), false)
10 FCPATH\index.php(67): CodeIgniter\CodeIgniter->run()
11 SYSTEMPATH\Commands\Server\rewrite.php(47): require_once('D:\\xampp\\htdocs\\sims4\\WEBSIMS\\public\\index.php')
INFO - 2024-12-20 17:07:17 --> Session: Class initialized using 'CodeIgniter\Session\Handlers\FileHandler' driver.
WARNING - 2024-12-20 17:07:17 --> [DEPRECATED] explode(): Passing null to parameter #2 ($string) of type string is deprecated in APPPATH\Views\layout\frontend_template.php on line 188.
 1 APPPATH\Views\layout\frontend_template.php(188): explode(' ', null)
 2 SYSTEMPATH\View\View.php(213): include('D:\\xampp\\htdocs\\sims4\\WEBSIMS\\app\\Views\\layout\\frontend_template.php')
 3 SYSTEMPATH\View\View.php(216): CodeIgniter\View\View->CodeIgniter\View\{closure}()
 4 SYSTEMPATH\View\View.php(229): CodeIgniter\View\View->render('layout/frontend_template', [], true)
 5 SYSTEMPATH\Common.php(1184): CodeIgniter\View\View->render('frontend_blog', [], true)
 6 APPPATH\Controllers\BlogController.php(18): view('frontend_blog', [...])
 7 SYSTEMPATH\CodeIgniter.php(934): App\Controllers\BlogController->index()
 8 SYSTEMPATH\CodeIgniter.php(499): CodeIgniter\CodeIgniter->runController(Object(App\Controllers\BlogController))
 9 SYSTEMPATH\CodeIgniter.php(368): CodeIgniter\CodeIgniter->handleRequest(null, Object(Config\Cache), false)
10 FCPATH\index.php(67): CodeIgniter\CodeIgniter->run()
11 SYSTEMPATH\Commands\Server\rewrite.php(47): require_once('D:\\xampp\\htdocs\\sims4\\WEBSIMS\\public\\index.php')
INFO - 2024-12-20 17:07:30 --> Session: Class initialized using 'CodeIgniter\Session\Handlers\FileHandler' driver.
WARNING - 2024-12-20 17:07:30 --> [DEPRECATED] explode(): Passing null to parameter #2 ($string) of type string is deprecated in APPPATH\Views\layout\frontend_template.php on line 188.
 1 APPPATH\Views\layout\frontend_template.php(188): explode(' ', null)
 2 SYSTEMPATH\View\View.php(213): include('D:\\xampp\\htdocs\\sims4\\WEBSIMS\\app\\Views\\layout\\frontend_template.php')
 3 SYSTEMPATH\View\View.php(216): CodeIgniter\View\View->CodeIgniter\View\{closure}()
 4 SYSTEMPATH\View\View.php(229): CodeIgniter\View\View->render('layout/frontend_template', [], true)
 5 SYSTEMPATH\Common.php(1184): CodeIgniter\View\View->render('frontend_blog', [], true)
 6 APPPATH\Controllers\BlogController.php(18): view('frontend_blog', [...])
 7 SYSTEMPATH\CodeIgniter.php(934): App\Controllers\BlogController->index()
 8 SYSTEMPATH\CodeIgniter.php(499): CodeIgniter\CodeIgniter->runController(Object(App\Controllers\BlogController))
 9 SYSTEMPATH\CodeIgniter.php(368): CodeIgniter\CodeIgniter->handleRequest(null, Object(Config\Cache), false)
10 FCPATH\index.php(67): CodeIgniter\CodeIgniter->run()
11 SYSTEMPATH\Commands\Server\rewrite.php(47): require_once('D:\\xampp\\htdocs\\sims4\\WEBSIMS\\public\\index.php')
INFO - 2024-12-20 17:08:49 --> Session: Class initialized using 'CodeIgniter\Session\Handlers\FileHandler' driver.
WARNING - 2024-12-20 17:08:49 --> [DEPRECATED] explode(): Passing null to parameter #2 ($string) of type string is deprecated in APPPATH\Views\layout\frontend_template.php on line 188.
 1 APPPATH\Views\layout\frontend_template.php(188): explode(' ', null)
 2 SYSTEMPATH\View\View.php(213): include('D:\\xampp\\htdocs\\sims4\\WEBSIMS\\app\\Views\\layout\\frontend_template.php')
 3 SYSTEMPATH\View\View.php(216): CodeIgniter\View\View->CodeIgniter\View\{closure}()
 4 SYSTEMPATH\View\View.php(229): CodeIgniter\View\View->render('layout/frontend_template', [], true)
 5 SYSTEMPATH\Common.php(1184): CodeIgniter\View\View->render('frontend_blog', [], true)
 6 APPPATH\Controllers\BlogController.php(18): view('frontend_blog', [...])
 7 SYSTEMPATH\CodeIgniter.php(934): App\Controllers\BlogController->index()
 8 SYSTEMPATH\CodeIgniter.php(499): CodeIgniter\CodeIgniter->runController(Object(App\Controllers\BlogController))
 9 SYSTEMPATH\CodeIgniter.php(368): CodeIgniter\CodeIgniter->handleRequest(null, Object(Config\Cache), false)
10 FCPATH\index.php(67): CodeIgniter\CodeIgniter->run()
11 SYSTEMPATH\Commands\Server\rewrite.php(47): require_once('D:\\xampp\\htdocs\\sims4\\WEBSIMS\\public\\index.php')
INFO - 2024-12-20 17:09:32 --> Session: Class initialized using 'CodeIgniter\Session\Handlers\FileHandler' driver.
WARNING - 2024-12-20 17:09:32 --> [DEPRECATED] explode(): Passing null to parameter #2 ($string) of type string is deprecated in APPPATH\Views\layout\frontend_template.php on line 188.
 1 APPPATH\Views\layout\frontend_template.php(188): explode(' ', null)
 2 SYSTEMPATH\View\View.php(213): include('D:\\xampp\\htdocs\\sims4\\WEBSIMS\\app\\Views\\layout\\frontend_template.php')
 3 SYSTEMPATH\View\View.php(216): CodeIgniter\View\View->CodeIgniter\View\{closure}()
 4 SYSTEMPATH\View\View.php(229): CodeIgniter\View\View->render('layout/frontend_template', [], true)
 5 SYSTEMPATH\Common.php(1184): CodeIgniter\View\View->render('frontend_blog', [], true)
 6 APPPATH\Controllers\BlogController.php(18): view('frontend_blog', [...])
 7 SYSTEMPATH\CodeIgniter.php(934): App\Controllers\BlogController->index()
 8 SYSTEMPATH\CodeIgniter.php(499): CodeIgniter\CodeIgniter->runController(Object(App\Controllers\BlogController))
 9 SYSTEMPATH\CodeIgniter.php(368): CodeIgniter\CodeIgniter->handleRequest(null, Object(Config\Cache), false)
10 FCPATH\index.php(67): CodeIgniter\CodeIgniter->run()
11 SYSTEMPATH\Commands\Server\rewrite.php(47): require_once('D:\\xampp\\htdocs\\sims4\\WEBSIMS\\public\\index.php')
INFO - 2024-12-20 17:09:50 --> Session: Class initialized using 'CodeIgniter\Session\Handlers\FileHandler' driver.
INFO - 2024-12-20 17:12:59 --> Session: Class initialized using 'CodeIgniter\Session\Handlers\FileHandler' driver.
INFO - 2024-12-20 17:13:07 --> Session: Class initialized using 'CodeIgniter\Session\Handlers\FileHandler' driver.
INFO - 2024-12-20 17:13:10 --> Session: Class initialized using 'CodeIgniter\Session\Handlers\FileHandler' driver.
INFO - 2024-12-20 17:21:03 --> Session: Class initialized using 'CodeIgniter\Session\Handlers\FileHandler' driver.
WARNING - 2024-12-20 17:21:03 --> [DEPRECATED] explode(): Passing null to parameter #2 ($string) of type string is deprecated in APPPATH\Views\layout\frontend_template.php on line 188.
 1 APPPATH\Views\layout\frontend_template.php(188): explode(' ', null)
 2 SYSTEMPATH\View\View.php(213): include('D:\\xampp\\htdocs\\sims4\\WEBSIMS\\app\\Views\\layout\\frontend_template.php')
 3 SYSTEMPATH\View\View.php(216): CodeIgniter\View\View->CodeIgniter\View\{closure}()
 4 SYSTEMPATH\View\View.php(229): CodeIgniter\View\View->render('layout/frontend_template', [], true)
 5 SYSTEMPATH\Common.php(1184): CodeIgniter\View\View->render('frontend_blog', [], true)
 6 APPPATH\Controllers\BlogController.php(18): view('frontend_blog', [...])
 7 SYSTEMPATH\CodeIgniter.php(934): App\Controllers\BlogController->index()
 8 SYSTEMPATH\CodeIgniter.php(499): CodeIgniter\CodeIgniter->runController(Object(App\Controllers\BlogController))
 9 SYSTEMPATH\CodeIgniter.php(368): CodeIgniter\CodeIgniter->handleRequest(null, Object(Config\Cache), false)
10 FCPATH\index.php(67): CodeIgniter\CodeIgniter->run()
11 SYSTEMPATH\Commands\Server\rewrite.php(47): require_once('D:\\xampp\\htdocs\\sims4\\WEBSIMS\\public\\index.php')
INFO - 2024-12-20 17:21:08 --> Session: Class initialized using 'CodeIgniter\Session\Handlers\FileHandler' driver.
INFO - 2024-12-20 17:21:25 --> Session: Class initialized using 'CodeIgniter\Session\Handlers\FileHandler' driver.
INFO - 2024-12-20 17:21:36 --> Session: Class initialized using 'CodeIgniter\Session\Handlers\FileHandler' driver.
INFO - 2024-12-20 17:22:37 --> Session: Class initialized using 'CodeIgniter\Session\Handlers\FileHandler' driver.
INFO - 2024-12-20 17:22:49 --> Session: Class initialized using 'CodeIgniter\Session\Handlers\FileHandler' driver.
INFO - 2024-12-20 17:22:55 --> Session: Class initialized using 'CodeIgniter\Session\Handlers\FileHandler' driver.
INFO - 2024-12-20 17:23:02 --> Session: Class initialized using 'CodeIgniter\Session\Handlers\FileHandler' driver.
INFO - 2024-12-20 17:23:05 --> Session: Class initialized using 'CodeIgniter\Session\Handlers\FileHandler' driver.
